,Bank Rate,,Treasury Bill Rate,,Prime Commercial Bill/Paper Rate,,London Clearing Banks Base Rate,LIBOR,Mortgage Interest Rate,Halifax Building Society - range of mortgage rates ,Effective Mortgage Rate,Rate on variable rate/tracker mortgages,Rate on Corporate Borrowing,Bank Sight deposit rate,1 year ahead expectations made at start of year,annual average of three month rates minus 1 year head expectation at start of year,,Yield on 10 year/medium-term British Government Securities,Yield on perpetual annuities/consols,Yield on Corporate Bonds,Corporate Bond Spreads,Share price indices,,Long-term inflation expectations,,,,Real long-rates,Memo:,Annual Share price components,,,,,,
1688,,,,,,,,,6,,,,,,0,,,,,,,,,-0.197397328,-3.367176302,,-0.197397328,,,,,,,,,
1689,,,,,,,,,6,,,,,,-1.234567901,,,,,,,,,0.203625478,-3.008588298,,0.203625478,,,,,,,,,
1690,,,,,,,,,6,,,,,,2.5,,,,,,,,,0.644410691,0.87962963,,0.644410691,,,,,,,,,
1691,,,,,,,,,6,,,,,,1.219512195,,,,,,,,,1.057848616,1.112842517,,1.057848616,,,,,,,,,
1692,,,,,,,,,6,,,,,,-1.204819277,,,,,,,,,1.395385451,0.26344402,,1.395385451,,,,,,,,,
1693,,,,,,,,,6,,,,,,4.87804878,,,,,,,,,1.610088908,2.321481046,,1.610088908,,,,,,,,,
1694,6,,,,,,,,6,,,,,,10.46511628,,,,,,,,,1.629072844,6.455008918,,1.629072844,,,,,,,,,
1695,3,3.625,,,,,,,6,,,,,,0,3.625,-0.49014464,,,,,,,1.412150228,4.11514464,,1.412150228,,,,,,,,,
1696,3,3,,,,,,,6,,,,,,4.400345125,-1.400345125,-1.293195818,,,,,,,1.007543299,4.293195818,,1.007543299,,,,,,,,,
1697,3,3,,,,,,,6,,,,,,0.826446281,2.173553719,1.266673322,,,,,,,0.449352795,1.733326678,,0.449352795,,,,,,,,,
1698,3,3,,,,,,,6,,,,,,4.918032787,-1.918032787,-0.587019303,,,,,,,-0.194395979,3.587019303,,-0.194395979,,,,,,,,,
1699,4.5,3.75,,,,,,,6,,,,,,3.125,0.625,0.546800908,,,,,,,-0.851871247,3.203199092,,-0.851871247,,,,,,,,,
1700,4.5,4.5,,,,,,,6,,,,,,-12.87878788,17.37878788,9.018287382,,,,,0.838103472,,-1.400097272,-4.518287382,,-1.400097272,,,74.2,,,,,,
1701,4.5,4.5,,,,,,,6,,,,,,-13.04347826,17.54347826,14.26037549,,,,,0.760166612,,-1.676379606,-9.760375494,,-1.676379606,,,67.29999875,,,,,,
1702,4.5,4.5,,,,,,,6,,,,,,-1,5.5,11.48880105,,,,,0.808735958,,-1.632822827,-6.988801054,,-1.632822827,,,71.5999994,,,,,,
1703,4.5,4.5,,,,,,,6,,,,,,-5.050505051,9.550505051,9.933948177,,6,,,0.939760187,,-1.335167718,-5.433948177,,-1.335167718,7.335167718,,83.19999646,,,,,,
1704,4.5,4.5,,,,,,,5.5,,,,,,4.255319149,0.244680851,4.087491941,,6,,,0.939760187,,-0.842826831,0.412508059,,-0.842826831,6.842826831,,83.19999646,,,,,,
1705,4.5,4.5,,,,,,,5.5,,,,,,-9.183673469,13.68367347,8.825342,,6,,,0.809865489,,-0.252361045,-4.325342,,-0.252361045,6.252361045,,71.70000047,,,,,,
1706,4.5,4.5,,,,,,,5.5,,,,,,13.48314607,-8.983146067,-0.337534823,,6,,,0.736446705,,0.390697033,4.837534823,,0.390697033,5.609302967,,65.19999896,,,,,,
1707,4.5,4.5,,,,,,,5.5,,,,,,-12.87128713,17.37128713,8.727434438,,6,,,0.804217883,,0.951538403,-4.227434438,,0.951538403,5.048461597,,71.19999965,,,,,,
1708,4.5,4.5,,,,,,,5.5,,,,,,4.545454545,-0.045454545,3.392029652,,6,,,0.885543286,,1.426247099,1.107970348,,1.426247099,4.573752901,,78.39999957,,,,,,
1709,4.5,4.5,,,,,,,5.5,,,,,,16.30434783,-11.80434783,-2.441552851,,6,,,0.878766147,1.68348145,1.672691766,6.941552851,,1.672691766,4.327308234,,77.79999767,,,,,,
1710,4.5,4.5,,,,,,,5.5,,,,,,14.01869159,-9.518691589,-8.309741051,,8.3,,,0.808735958,1.541752233,1.579978582,12.80974105,,1.579978582,6.720021418,,71.5999994,,,,,,
1711,4.5,4.5,,,,,,,5.5,,,,,,10.6557377,-6.155737705,-8.294345894,,8.7,,,0.73192863,1.657320274,1.183486806,12.79434589,,1.183486806,7.516513194,,64.79999922,,,,,,
1712,4.5,4.5,,,,,,,5.5,,,,,,-25.18518519,29.68518519,11.09213296,,8.7,,,0.761296143,1.831245224,0.64299591,-6.592132963,,0.64299591,8.05700409,,67.39999983,,,,,,
1713,4.5,4.5,,,,,,,5.5,,,,,,-3.96039604,8.46039604,11.90460603,,5.9,,,0.856175772,1.857351505,0.2130505,-7.404606034,,0.2130505,5.6869495,,75.79999896,,,,,,
1714,4.5,4.5,,,,,,,5,,,,,,6.18556701,-1.68556701,7.632372344,,6.5,,,0.884413754,1.980970283,-0.110134779,-3.132372344,,-0.110134779,6.610134779,,78.29999849,,,,,,
1715,4.5,4.5,,,,,,,5,,,,,,0.970873786,3.529126214,2.950972212,,5,,,0.944278262,1.948274703,-0.372075785,1.549027788,,-0.372075785,5.372075785,,83.5999962,,,,,,
1716,4,4.291666667,,,,,,,5,,,,,,-4.807692308,9.099358974,5.167137283,,5,,,0.998495215,2.21886936,-0.55528703,-0.875470616,,-0.55528703,5.55528703,,88.39999767,,,,,,
1717,4,4,,,,,,,5,,,,,,-4.04040404,8.04040404,7.268334955,,4.5,,,1.123871889,2.617072168,-0.628862268,-3.268334955,,-0.628862268,5.128862268,,99.49999849,,,,,,
1718,4,4,,,3.99,4.171,,,5,,,,,,-2.105263158,6.105263158,7.226291253,,4.5,,,1.199549685,2.63320856,-0.604442382,-3.226291253,,-0.604442382,5.104442382,,106.1999976,,,,,,
1719,5,4.666666667,,,4.93,4.599166667,,,5,,,,,,4.301075269,0.365591398,3.955788788,,4,,,1.189384004,2.676768803,-0.527779631,0.710877879,,-0.527779631,4.527779631,,105.299997,,,,,,
1720,5,5,,,5.04,4.958333333,,,5,,,,,,5.154639175,-0.154639175,1.553410463,,4,,,2.41604214,3.332004758,-0.459681854,3.446589537,,-0.459681854,4.459681854,,213.8999931,,,,,,
1721,5,5,,,5.01,4.9875,,,4.5,,,,,,-1.960784314,6.960784314,3.573785351,,5,,,1.025603665,2.424296167,-0.41267909,1.426214649,,-0.41267909,5.41267909,,90.79999612,,,,,,
1722,5,5,,,4.96,4.991666667,,,4.5,,,,,,-8,13,8.557307459,,3,,,0.82793779,2.333480096,-0.343204561,-3.557307459,,-0.343204561,3.343204561,,73.29999944,,,,,,
1723,5,5,,,4.91,4.924166667,,,4.5,,,,,,-3.260869565,8.260869565,9.422591645,,3,,,0.859564315,2.582976758,-0.223164698,-4.422591645,,-0.223164698,3.223164698,,76.09999763,,,,,,
1724,5,5,,,4.91,4.9075,,,4.5,,,,,,5.617977528,-0.617977528,4.769272106,,3,,,0.934112632,2.716429692,-0.101033886,0.230727894,,-0.101033886,3.101033886,,82.70000022,,,,,,
1725,5,5,,,3.94,4.000833333,,,4.5,,,,,,3.191489362,1.808510638,2.371035974,,3,,,1.102410994,2.699167932,-0.055654864,2.628964026,,-0.055654864,3.055654864,,97.59999629,,,,,,
1726,5,5,,,4.97,4.871666667,,,4.5,,,,,,5.154639175,-0.154639175,0.341638098,,3,,,1.024474185,2.306222579,-0.108660031,4.658361902,,-0.108660031,3.108660031,,90.69999961,,,,,,
1727,5,5,,,4.84,4.878333333,,,4.5,,,,,,-5.882352941,10.88235294,5.756486846,,3.57,,,1.067395925,2.642954576,-0.249225239,-0.756486846,,-0.249225239,3.819225239,,94.49999944,,,,,,
1728,5,5,,,3.87,3.915833333,,,4.5,,,,,,3.125,1.875,4.171278047,,3.405,,,1.114835739,2.599171628,-0.413939737,0.828721953,,-0.413939737,3.818939737,,98.69999901,,,,,,
1729,5,5,,,3.81,3.83,,,4.5,,,,,,5.050505051,-0.050505051,2.713718063,,3.24,,,1.093374843,2.833648249,-0.595700524,2.286281937,,-0.595700524,3.835700524,,96.79999681,,,,,,
1730,5,5,,,3.78,3.7925,,,4.5,,,,,,-8.653846154,13.65384615,7.186771562,,3.3,,,1.140814658,2.876174785,-0.7519652,-2.186771562,,-0.7519652,4.0519652,,100.9999964,,,,,,
1731,5,5,,,3.74,3.768333333,,,4,,,,,,-7.368421053,12.36842105,10.27026336,,3.12,,,1.174700247,2.850345937,-0.783734362,-5.270263362,,-0.783734362,3.903734362,,103.9999967,,,,,,
1732,5,5,,,3.8,3.7925,,,4,,,,,,1.136363636,3.863636364,8.373113728,,3.03,,,1.181477385,2.813729371,-0.670988952,-3.373113728,,-0.670988952,3.700988952,,104.5999986,,,,,,
1733,5,5,,,3.46,3.398333333,,,4,,,,,,-4.494382022,9.494382022,8.379966131,,3.09,,,1.147591796,2.349814,-0.459572571,-3.379966131,,-0.459572571,3.549572571,,101.5999983,,,,,,
1734,5,5,,,3.37,3.4125,,,4,,,,,,3.529411765,1.470588235,4.356335997,,3.19,,,1.048194092,2.465863414,-0.177218929,0.643664003,,-0.177218929,3.367218929,,92.7999994,,,,,,
1735,5,5,,,3.31,3.3425,,,4,,,,,,1.136363636,3.863636364,4.271871057,,3.19,,,1.091115832,2.717199096,0.108033989,0.728128943,,0.108033989,3.081966011,,96.59999922,,,,,,
1736,5,5,,,3.3,3.290833333,,,4,,,,,,-2.247191011,7.247191011,5.076804062,,2.86,,,1.217621986,2.847230047,0.365220387,-0.076804062,,0.365220387,2.494779613,,107.7999965,,,,,,
1737,5,5,,,2.81,2.975833333,,,4,,,,,,6.896551724,-1.896551724,1.998608714,,2.83,,,1.241341893,2.820268977,0.573694131,3.001391286,,0.573694131,2.256305869,,109.8999963,,,,,,
1738,5,5,,,2.81,2.81,,,4,,,,,,-2.150537634,7.150537634,4.455741502,,2.86,,,1.226658136,2.819856954,0.686656882,0.544258498,,0.686656882,2.173343118,,108.599996,,,,,,
1739,5,5,,,2.87,2.87,,,4,,,,,,-2.197802198,7.197802198,5.364752044,,3.06,,,1.128389964,2.658012331,0.720573358,-0.364752044,,0.720573358,2.339426642,,99.89999823,,,,,,
1740,5,5,,,2.89,2.878333333,,,4,,,,,,12.35955056,-7.359550562,-0.090327095,,3,,,1.094504375,2.651716228,0.663541711,5.090327095,,0.663541711,2.336458289,,96.89999789,,,,,,
1741,5,5,,,2.89,2.88,,,4,,,,,,8,-3,-2.268304729,,3.03,,,1.102410994,2.706489243,0.474454357,7.268304729,,0.474454357,2.555545643,,97.59999629,,,,,,
1742,5,5,,,2.87,2.879166667,,,4,,,,,,-8.333333333,13.33333333,4.294756554,,3,,,1.112576675,2.941385401,0.229168297,0.705243446,,0.229168297,2.770831703,,98.49999685,,,,,,
1743,5,5,,,2.86,2.865833333,,,4,,,,,,-5.050505051,10.05050505,8.425252525,,2.97,,,1.149850808,3.0825853,0.078795986,-3.425252525,,0.078795986,2.891204014,,101.7999959,,,,,,
1744,5,5,,,2.93,2.931666667,,,4.25,,,,,,-10.63829787,15.63829787,13.50096712,,3.24,,,1.120483346,2.985328916,0.088858199,-8.500967118,,0.088858199,3.151141801,,99.19999983,,,,,,
1745,5,5,,,3.11,2.9975,,,4.25,,,,,,1.19047619,3.80952381,8.606352277,,3.53,,,1.110317664,2.55649258,0.27358775,-3.606352277,,0.27358775,3.25641225,,98.29999927,,,,,,
1746,5,5,,,3.91,3.610833333,,,4.25,,,,,,9.411764706,-4.411764706,2.064634364,,3.41,,,1.02899226,2.693137669,0.539928868,2.935365636,,0.539928868,2.870071132,,91.09999935,,,,,,
1747,5,5,,,3.96,3.943333333,,,4.25,,,,,,-3.225806452,8.225806452,3.551278576,,3.66,,,1.014308503,2.629269779,0.80398991,1.448721424,,0.80398991,2.85601009,,89.79999905,,,,,,
1748,5,5,,,3.96,3.9625,,,4.25,,,,,,4.444444444,0.555555556,1.863166772,,3.41,,,1.014308503,2.787029509,1.07057994,3.136833228,,1.07057994,2.33942006,,89.79999905,,,,,,
1749,5,5,,,3.92,3.888333333,,,4.25,,,,,,2.127659574,2.872340426,3.24799817,,2.97,,,1.084338693,2.945299158,1.304168124,1.75200183,,1.304168124,1.665831876,,95.99999733,,,,,,
1750,5,5,,,2.87,3.2175,,,4.25,,,,,,-1.041666667,6.041666667,3.993646572,,3,,,1.129519496,2.990456243,1.50291783,1.006353428,,1.50291783,1.49708217,,99.99999931,,,,,,
1751,5,5,,,2.84,2.855,,,4.25,,,,,,2.631578947,2.368421053,3.571178611,,3.03,,,1.154368883,3.08838436,1.673250743,1.428821389,,1.673250743,1.356749257,,102.1999956,,,,,,
1752,5,5,,,2.79,2.809166667,,,4.25,,,,,,6.41025641,-1.41025641,1.213731444,,2.86,,,1.201808749,3.191995003,1.79615937,3.786268556,,1.79615937,1.06384063,,106.3999997,,,,,,
1753,5,5,,,2.82,2.81,,,4.25,,,,,,-1.204819277,6.204819277,3.153016926,,2.871551971,,,1.215362974,3.09909802,1.862203712,1.846983074,,1.862203712,1.009348259,,107.599999,,,,,,
1754,5,5,,,2.85,2.8325,,,4.25,,,,,,-1.219512195,6.219512195,4.689150599,,2.898698462,,,1.180347853,2.99678357,1.908082175,0.310849401,,1.908082175,0.990616288,,104.4999975,,,,,,
1755,5,5,,,2.95,2.929166667,,,4.25,,,,,,-4.938271605,9.938271605,8.075953316,,3.134068216,,,1.097892918,2.621914714,1.939871127,-3.075953316,,1.939871127,1.194197089,,97.19999655,,,,,,
1756,5,5,,,2.95,2.945,,,4.25,,,,,,7.792207792,-2.792207792,2.829280024,,3.364648331,,,1.010919908,2.462878296,1.932366117,2.170719976,,1.932366117,1.432282214,,89.49999582,,,,,,
1757,5,5,,,2.93,2.926666667,,,4.25,,,,,,27.71084337,-22.71084337,-10.2054297,,3.344175693,,,1.026733197,2.511592186,1.79156398,15.2054297,,1.79156398,1.552611713,,90.8999972,,,,,,
1758,5,5,,,2.97,2.936666667,,,4.25,,,,,,-5.660377358,10.66037736,-2.041505891,,3.247981973,,,1.038028411,2.471969402,1.482037892,7.041505891,,1.482037892,1.765944081,,91.89999884,,,,,,
1759,5,5,,,4,3.669166667,,,4.25,,,,,,-13,18,7.655944533,,3.630370854,,,0.947666857,2.454784825,1.227545387,-2.655944533,,1.227545387,2.402825467,,83.89999944,,,,,,
1760,5,5,,,4.01,3.991666667,,,4.25,,,,,,-8.045977011,13.04597701,14.05506398,,3.680056572,,,0.937501175,2.338631704,1.180423622,-9.055063977,,1.180423622,2.49963295,,82.99999888,,,,,,
1761,5,5,,,4.99,4.613333333,,,4.25,,,,,,-1.25,6.25,10.6387931,,3.919992407,,,0.902486055,2.057241458,1.350734299,-5.638793103,,1.350734299,2.569258109,,79.89999745,,,,,,
1762,5,5,,,4.84,4.915,,,4.25,,,,,,3.797468354,1.202531646,5.085461225,,3.972056412,,,0.856175772,2.673944597,1.656234884,-0.085461225,,1.656234884,2.315821528,,75.79999896,,,,,,
1763,5,5,,,3.99,4.710833333,,,3.5,,,,,,2.43902439,2.56097561,2.891247299,,3.359466468,,,1.061748318,2.555257788,1.988675501,2.108752701,,1.988675501,1.370790967,,93.99999862,,,,,,
1764,5,5,,,3.9,3.95,,,3.5,,,,,,9.523809524,-4.523809524,-1.25310575,,3.52539459,,,0.983811458,2.657412039,2.261243923,6.25310575,,2.261243923,1.264150667,,87.09999737,,,,,,
1765,5,5,,,3.94,4.126666667,,,3.5,,,,,,5.434782609,-0.434782609,-1.06233904,,3.368013937,,,1.093374843,2.856235209,2.391641171,6.06233904,,2.391641171,0.976372766,,96.79999681,,,,,,
1766,5,5,,,2.97,3.290833333,,,3.5,,,,,,0,5,1.464803313,,3.356879413,,,1.146462264,3.169134978,2.370155823,3.535196687,,2.370155823,0.98672359,,101.4999972,,,,,,
1767,5,5,,,2.99,2.985833333,,,3.5,,,,,,15.46391753,-10.46391753,-3.818915285,,3.365941547,,,1.241341893,3.599054652,2.21746005,8.818915285,,2.21746005,1.148481497,,109.8999963,,,,,,
1768,5,5,,,2.95,2.970833333,,,3.5,,,,,,-2.678571429,7.678571429,1.700110457,,3.297956269,,,1.303465464,3.628966074,1.93052446,3.299889543,,1.93052446,1.367431809,,115.3999962,,,,,,
1769,5,5,,,2.95,2.9475,,,3.5,,,,,,-13.76146789,18.76146789,9.591521868,,3.394925124,,,1.258284713,3.280899103,1.638745063,-4.591521868,,1.638745063,1.756180061,,111.3999988,,,,,,
1770,5,5,,,2.96,2.954166667,,,3.5,,,,,,4.255319149,0.744680851,7.536495078,,3.617093081,,,1.165664096,2.845284753,1.425412625,-2.536495078,,1.425412625,2.191680456,,103.1999972,,,,,,
1771,5,5,,,2.93,2.9325,,,3.5,,,,,,5.965292842,-0.965292842,3.493051412,,3.440355979,,,1.187124992,3.36078973,1.21983046,1.506948588,,1.21983046,2.22052552,,105.0999994,,,,,,
1772,5,5,,,2.99,2.9575,,,3.5,,,,,,4.810644831,0.189355169,-0.045974098,,3.389230512,,,1.211974379,2.870350509,0.979647755,5.045974098,,0.979647755,2.409582757,,107.2999957,,,,,,
1773,5,5,,,2.97,2.986666667,,,4.5,,,,,,0.390625,4.609375,2.168435482,,3.456743488,,,1.121612826,2.707231555,0.710015396,2.831564518,,0.710015396,2.746728092,,99.29999633,,,,,,
1774,5,5,,,2.92,2.934166667,,,4.5,,,,,,-1.459143969,6.459143969,4.650255518,,3.395358722,,,1.145332733,2.855053723,0.454387787,0.349744482,,0.454387787,2.940970935,,101.3999961,,,,,,
1775,5,5,,,2.9,2.911666667,,,4.5,,,,,,-0.888450148,5.888450148,5.803843265,,3.380880797,,,1.180347853,2.919386052,0.25301918,-0.803843265,,0.25301918,3.127861617,,104.4999975,,,,,,
1776,5,5,,,2.95,2.938333333,,,4.5,,,,,,-6.374501992,11.37450199,8.745614834,,3.561286078,,,1.178088842,2.863006382,0.12701995,-3.745614834,,0.12701995,3.434266128,,104.3,,,,,,
1777,5,5,,,3,2.990833333,,,4.5,,,,,,4.361702128,0.638297872,4.909189563,,3.827536643,,,1.137426114,2.616728981,0.08607028,0.090810437,,0.08607028,3.741466363,,100.6999977,,,,,,
1778,5,5,,,3.91,3.621666667,,,4.5,,,,,,1.529051988,3.470948012,4.201863766,,4.714798155,,,0.986070521,2.25472095,0.074880152,0.798136234,,0.074880152,4.639918004,,87.29999953,,,,,,
1779,5,5,,,3.95,3.959166667,,,4.5,,,,,,-5.120481928,10.12048193,6.229184942,,4.882164549,,,0.954443944,2.321703876,0.080898846,-1.229184942,,0.080898846,4.801265703,,84.49999676,,,,,,
1780,5,5,,,3.98,3.9675,,,4.5,,,,,,1.058201058,3.941798942,5.701233652,,4.897898162,,,0.875377604,2.382856071,0.10612684,-0.701233652,,0.10612684,4.791771322,,77.49999901,,,,,,
1781,5,5,,,3.98,3.985,,,4.5,,,,,,9.842931937,-4.842931937,0.785170099,,5.1234282,,,0.848269154,2.249986265,0.100555626,4.214829901,,0.100555626,5.022872574,,75.10000056,,,,,,
1782,5,5,,,4.03,3.995833333,,,4.5,,,,,,0.667302193,4.332697807,1.501829111,,5.154101534,,,0.829067321,2.397872079,0.023715424,3.498170889,,0.023715424,5.13038611,,73.40000052,,,,,,
1783,5,5,,,5.12,4.709166667,,,4.5,,,,,,0.284090909,4.715909091,2.6891775,,4.716423004,,,0.902486055,2.231694304,-0.0674691,2.3108225,,-0.0674691,4.783892103,,79.89999745,,,,,,
1784,5,5,,,5.02,5.035833333,,,4.5,,,,,,-5.004721435,10.00472144,7.283673006,,5.078868904,,,0.791793137,2.250698632,-0.109610434,-2.283673006,,-0.109610434,5.188479338,,70.09999694,,,,,,
1785,5,5,,,4.94,4.979166667,,,4.5,,,,,,-4.373757455,9.373757455,8.631476976,,4.942378096,,,0.884413754,2.75539257,-0.035846377,-3.631476976,,-0.035846377,4.978224472,,78.29999849,,,,,,
1786,5,5,,,4.82,4.8425,,,4.5,,,,,,-0.623700624,5.623700624,7.624921835,,4.074785554,,,1.024474185,2.91885242,0.171781378,-2.624921835,,0.171781378,3.903004176,,90.69999961,,,,,,
1787,5,5,,,3.85,4.208333333,,,4.5,,,,,,1.778242678,3.221757322,5.172740339,,4.012214647,,,1.059489254,3.130917002,0.487889602,-0.172740339,,0.487889602,3.524325045,,93.79999646,,,,,,
1788,5,5,,,3.85,3.855,,,4.5,,,,,,1.541623844,3.458376156,3.8204554,,4.004859483,,,1.109188132,3.048653157,0.87917725,1.1795446,,0.87917725,3.125682233,,98.19999819,,,,,,
1789,5,5,,,3.8,3.829166667,,,4.5,,,,,,-0.303643725,5.303643725,4.333686174,,3.907244372,,,1.135167051,3.236063249,1.325264384,0.666313826,,1.325264384,2.581979988,,100.4999956,,,,,,
1790,5,5,,,3.81,3.839166667,,,4.5,,,,,,6.497461929,-1.497461929,1.534037384,,3.892581408,,,1.139685178,3.245036318,1.812379292,3.465962616,,1.812379292,2.080202117,,100.8999999,,,,,,
1791,5,5,,,3.83,3.840833333,,,4.5,,,,,,-1.143946616,6.143946616,3.683463474,,3.676116325,,,1.217621986,3.530860843,2.310497616,1.316536526,,2.310497616,1.365618708,,107.7999965,,,,,,
1792,5,5,,,3.98,3.83,,,4.5,,,,,,-2.31436837,7.31436837,5.200875784,,3.328128916,,,1.346387203,3.279324316,2.83647121,-0.200875784,,2.83647121,0.491657705,,119.199996,,,,,,
1793,5,5,,,3.96,3.991666667,,,4.5,,,,,,6.120434353,-1.120434353,2.862882658,,3.961361499,,,1.172441235,3.403362397,3.372646948,2.137117342,,3.372646948,0.588714551,,103.7999991,,,,,,
1794,5,5,,,3.99,3.9775,,,4.5,,,,,,3.069767442,1.930232558,2.091859647,,4.441354956,,,1.076432075,3.252645579,3.849906992,2.908140353,,3.849906992,0.591447963,,95.29999892,,,,,,
1795,5,5,,,4.02,4.0075,,,5,,,,,,15.70397112,-10.70397112,-4.997002663,,4.520330543,,,1.056100711,3.584767797,4.226607037,9.997002663,,4.226607037,0.293723505,,93.4999978,,,,,,
1796,5,5,,,5.04,4.43,,,5,,,,,,2.418096724,2.581903276,-1.534193186,,4.818821956,,,1.071914,2.833115764,4.453303706,6.534193186,,4.453303706,0.36551825,,94.89999918,,,,,,
1797,5,5,,,5.03,5.028333333,,,5,,,,,,-9.977151561,14.97715156,6.12235254,,5.759539832,,,0.861823379,2.541868621,4.595287553,-1.12235254,,4.595287553,1.164252279,,76.29999978,,,,,,
1798,5,5,,,4.9,5.029166667,,,5,,,,,,1.353637902,3.646362098,6.832707173,,5.930430925,,,0.840362483,2.78289822,4.697516092,-1.832707173,,4.697516092,1.232914833,,74.39999758,,,,,,
1799,5,5,,,4.573333333,4.7275,,,5,,,,,,20.95158598,-15.95158598,-3.886454047,,5.088893669,,,0.982681926,3.247430685,4.659193966,8.886454047,,4.659193966,0.429699703,,86.99999629,,,,,,
1800,5,5,,,4.753333333,4.584166667,,,5,,,,,,30.02070393,-25.02070393,-16.56655534,,4.702937333,,,1.104670057,3.368506995,4.346050653,21.56655534,,4.346050653,0.35688668,,97.79999845,,,,,,
1801,5,5,,,4.806666667,4.846666667,,,5,,,,,,-5.414012739,10.41401274,-5.489522006,,4.900858576,,,1.105799589,3.752721715,3.786723694,10.48952201,,3.786723694,1.114134882,,97.89999953,,,,,,
1802,5,5,,,4.7,4.743333333,,,5,,,,,,-22.83950617,27.83950617,12.03981612,,4.225470639,,,1.214233442,3.738314429,3.266590122,-7.039816121,,3.266590122,0.958880517,,107.4999979,,,,,,
1803,5,5,,,4.923333333,4.76875,,,5,,,,,,-1.381818182,6.381818182,13.62556349,,5.07971968,,,1.031251272,2.941378927,2.979059734,-8.625563491,,2.979059734,2.100659946,,91.29999694,,,,,,
1804,5,5,,,5.263333333,5.114166667,,,5,,,,,,6.932153392,-1.932153392,6.516369993,,5.253161929,,,1.005272353,3.281272211,2.856476425,-1.516369993,,2.856476425,2.396685504,,88.99999957,,,,,,
1805,5,5,,,5.41,5.371666667,,,5,,,,,,12.27586207,-7.275862069,-2.941213416,,5.069307022,,,1.097892918,3.602791259,2.787593493,7.941213416,,2.787593493,2.281713529,,97.19999655,,,,,,
1806,5,5,,,5.356666667,5.4,,,5,,,,,,-3.808353808,8.808353808,1.834987605,,4.887436381,,,1.183736397,3.637816514,2.701899472,3.165012395,,2.701899472,2.185536909,,104.7999962,,,,,,
1807,5,5,,,5.14,5.257083333,,,5,,,,,,-0.830140485,5.830140485,4.102403971,,4.765762874,,,1.230046731,3.742861189,2.623806961,0.897596029,,2.623806961,2.141955913,,108.8999993,,,,,,
1808,5,5,,,4.71,4.93375,,,5,,,,,,5.344494527,-0.344494527,3.338465644,,4.522149516,,,1.261673257,3.905718082,2.512609564,1.661534356,,2.512609564,2.009539952,,111.6999975,,,,,,
1809,5,5,,,4.566666667,4.57125,,,5,,,,,,8.985330073,-3.985330073,-0.929985298,,4.384030074,,,1.349775798,4.36442975,2.293062815,5.929985298,,2.293062815,2.090967259,,119.4999993,,,,,,
1810,5,5,,,4.213333333,4.440833333,,,5,,,,,,1.177790241,3.822209759,0.646606952,,4.408535423,,,1.358811949,3.958779001,1.918196152,4.353393048,,1.918196152,2.490339271,,120.2999987,,,,,,
1811,5,5,,,4.61,4.270416667,,,5,,,,,,1.607538803,3.392461197,2.045827512,,4.674168462,,,1.277486545,3.381099216,1.408008388,2.954172488,,1.408008388,3.266160074,,113.0999988,,,,,,
1812,5,5,,,5.066666667,4.92625,,,5,,,,,,11.02018549,-6.020185488,-1.227912433,,5.012897122,,,1.169052686,3.130647422,0.775116371,6.227912433,,0.775116371,4.237780752,,103.5,,,,,,
1813,5,5,,,5.016666667,5.089583333,,,5,,,,,,0.638820639,4.361179361,1.053026274,,5.047486275,,,1.105799594,3.121371429,0.034156865,3.946973726,,0.034156865,5.013329409,,97.9,,,,,,
1814,5,5,,,4.916666667,4.945833333,,,5,,,,,,-10.15625,15.15625,7.682441711,,4.521478504,,,1.16114605,3.195579368,-0.697784526,-2.682441711,,-0.697784526,5.21926303,,102.8,,,,,,
1815,5,5,,,5.033333333,4.952083333,,,,,,,,,-14.40217391,19.40217391,15.12019783,,5.035457925,,,1.077561606,2.996145533,-1.297563771,-10.12019783,,-1.297563771,6.333021696,,95.4,,,,,,
1816,5,5,,,4.026666667,4.689166667,,,,,,,,,9.523809524,-4.523809524,6.589997412,,4.809000519,,,0.971386773,2.63438183,-1.73665899,-1.589997412,,-1.73665899,6.545659509,,86,,,,,,
1817,5,5,,,2.943333333,3.352083333,,,,,,,,,0.985507246,4.014492754,4.530538302,,3.994591678,,,1.041416982,3.487773128,-2.117572669,0.469461698,,-2.117572669,6.112164347,,92.2,,,,,,
1818,5,5,,,2.83,2.764166667,,,,,,,,,-2.411021814,7.411021814,4.005096828,,3.849170411,,,1.266191363,3.682568967,-2.430240701,0.994903172,,-2.430240701,6.279411112,,112.1,,,,,,
1819,5,5,,,3.283333333,3.04,,,,,,,,,-4.117647059,9.117647059,7.585028624,,4.186532019,,,1.259414246,3.381099216,-2.633523254,-2.585028624,,-2.633523254,6.820055273,,111.5,,,,,,
1820,5,5,,,2.976666667,3.261666667,,,,,,,,,-7.116564417,12.11656442,10.27578069,,4.375389461,,,1.201808752,3.487773128,-2.686078088,-5.275780689,,-2.686078088,7.06146755,,106.4,,,,,,
1821,5,5,,,2.563333333,2.698333333,,,,,,,,,-7.199471598,12.1994716,11.55823454,,3.998661538,,,1.254896168,3.645464998,-2.561427732,-6.558234536,,-2.561427732,6.56008927,,111.1,,,,,,
1822,4,4.416666667,,,2.96,2.670416667,,,,,,,,,-7.68683274,12.10349941,11.8432374,,3.763658709,,,1.356552924,3.988676715,-2.277433932,-7.426570733,,-2.277433932,6.041092641,,120.1,,,,,,
1823,4,4,,,3.306666667,3.21,,,,,,,,,3.392444102,0.607555898,6.049722091,,3.780239143,,,1.43336025,4.35971641,-1.898344159,-2.049722091,,-1.898344159,5.678583302,,126.9,,,,,,
1824,4,4,,,3.36,3.353333333,,,,,,,,,4.175988069,-0.175988069,2.431639283,,3.211243997,,,1.719128684,4.823516028,-1.542531541,1.568360717,,-1.542531541,4.753775539,,152.2,,,,,,
1825,5,4.083333333,,,4.5,3.828333333,,,,,,,,,5.368647101,-1.285313768,-0.532275458,,3.387168687,,,1.61634241,4.367211411,-1.27548577,4.615608791,,-1.27548577,4.662654457,,143.1,93.6,87.9,81,,,
1826,5,5,,,4,4.5,,,,,,,,,-4.347826087,9.347826087,4.728121299,,3.807513154,,,1.486827793,4.0172746,-1.105471217,0.271878701,,-1.105471217,4.91298437,,123.2,86.1,76.6,73.1,,,
1827,4,4.5,,,3,3.25,,,,,,,,,-4.545454545,9.045454545,7.003345679,,3.584787705,,,1.519638163,4.105925259,-0.974297399,-2.503345679,,-0.974297399,4.559085103,,,88,77.2,73.1,,,
1828,4,4,,,3.5,3.041666667,,,,,,,,,0.967261905,3.032738095,5.749570629,,3.51061148,,,1.521365024,4.110591083,-0.856219119,-1.749570629,,-0.856219119,4.366830598,,,88.1,74.3,71.8,,,
1829,4,4,,,3,3.375,,,,,,,,,2.13706706,1.86293294,3.550378808,,3.389645802,,,1.550721671,4.189910093,-0.761248206,0.449621192,,-0.761248206,4.150894008,,,89.8,75,72.5,,,
1830,4,4,,,4,2.8125,,,,,,,,,-3.174603175,7.174603175,4.752729088,,3.394300943,,,1.476466624,3.989279655,-0.6811343,-0.752729088,,-0.6811343,4.075435243,,,85.5,72,73.8,,,
1831,4,4,,,4,3.6875,,,,,,,,,1.266766021,2.733233979,3.89158453,,3.715384967,,,1.403938439,3.79331504,-0.578614556,0.10841547,,-0.578614556,4.293999523,,,81.3,67.7,70.2,,,
1832,4,4,,,2.75,3.145833333,,,,,,,,,-3.53200883,7.53200883,6.020895244,,3.60960916,,,1.495462101,4.04060372,-0.441314789,-2.020895244,,-0.441314789,4.050923949,,,86.6,73.2,74,,,
1833,4,4,,,3.5,2.729166667,,,,,,,,,-4.118993135,8.118993135,6.865746012,,3.434566263,,,1.604254379,4.334550642,-0.238374664,-2.865746012,,-0.238374664,3.672940928,,,92.9,79.2,82,,,
1834,4,4,,,3.75,3.375,,,,,,,,,-2.46618934,6.46618934,7.175194376,,3.325954493,,,1.650879641,4.460527895,0.030179297,-3.175194376,,0.030179297,3.295775196,,,95.6,79.7,84,,,
1835,4,4,,,3.75,3.708333333,,,,,,,,,-3.507340946,7.507340946,7.317325902,,3.318215157,,,1.771759949,4.787135586,0.325504321,-3.317325902,,0.325504321,2.992710836,,,102.6,82.9,86.4,,,
1836,5,4.390710383,,,5.5,4.25,,,,,,,,,9.721048183,-5.3303378,1.075626443,,3.345218444,,,1.968622166,5.31903954,0.583755842,3.31508394,,0.583755842,2.761462602,,,114,87.9,90.3,,,
1837,5,5,,,3.5,4.4375,,,,,,,,,3.620955316,1.379044684,0.974676077,,3.312466464,,,2.080868166,5.62231811,0.702734251,4.025323923,,0.702734251,2.609732213,,,120.5,90.2,98.2,,,
1838,4,4.123287671,,,3.5,3,,,,,,,,,4.089219331,0.03406834,-0.951818225,,3.231138472,,,2.334716814,6.308194261,0.67160238,5.075105897,,0.67160238,2.559536092,,,135.2,99.1,108.4,,,
1839,6,5.106849315,,,6.5,5.125,,,,,,,,,3.285714286,1.821135029,1.51303531,,3.291495928,,,2.303633306,6.224209426,0.508695718,3.593814005,,0.508695718,2.78280021,,,133.4,94.9,110.6,,,
1840,5,5.06010929,,,5.75,4.979166667,,,,,,,,,-0.968188105,6.028297395,3.74064519,,3.353134153,,,2.510856692,6.784108325,0.266533732,1.319464099,,0.266533732,3.086600421,,,145.4,99.7,112.5,,,
1841,5,5,,,5,4.895833333,,,,,,,,,-1.815642458,6.815642458,5.541134803,,3.383983505,,,2.459050845,6.6441336,0.02544893,-0.541134803,,0.02544893,3.358534575,,,142.4,95.5,112,,,
1842,4,4.263013699,,,2.5,3.333333333,,,,,,,,,-5.689900427,9.952914125,7.84629427,,3.288167024,,,2.588565462,6.994070412,-0.146591516,-3.583280572,,-0.146591516,3.43475854,,,149.9,97,113.5,,,
1843,4,4,,,2.5,2.166666667,,,,,,,,,-8.069381599,12.0693816,10.10478942,,3.163592556,,,3.003012233,8.11386821,-0.200074925,-6.104789419,,-0.200074925,3.363667481,,,173.9,112.3,122.4,,,
1844,2.5,3.524590164,,,2.75,2.125,,,,,,,,,3.281378179,0.243211985,5.44269564,,3.042098535,,,3.410551559,9.215002711,-0.1409227,-1.918105476,,-0.1409227,3.183021235,,,197.5,129.5,136.7,,,
1845,3.5,2.682191781,,,4.5,2.958333333,,,,,,,,,0.31771247,2.364479311,3.152798412,,3.071997069,,,4.094388732,11.06266908,-0.053755493,-0.470606631,,-0.053755493,3.125752562,,,237.1,149.5,173.1,,,
1846,3,3.326027397,,,3.25,3.791666667,,,,,,,,,11.87648456,-8.550457163,-3.36380426,,3.163179652,,,4.199727286,11.34728435,0.011015268,6.689831657,,0.011015268,3.152164384,,,243.2,147.3,178.7,,,
1847,5,5.176712329,,,6,5.854166667,,,,,,,,,7.147912243,-1.971199915,-2.023731655,,3.462403162,,,3.540066175,9.564939523,0.006715713,7.200443984,,0.006715713,3.455687449,,,205,116.9,153.5,,,
1848,3,3.715846995,,,2.5,3.208333333,,,,,,,,,-14.3989432,18.11479019,6.395648008,,3.521050811,,,3.441635067,9.298987546,0.005361816,-2.679801013,,0.005361816,3.515688995,,,199.3,111.4,157.9,,,
1849,2.5,2.945205479,,,2,2.3125,,,,,,,,,-4.089506173,7.034711652,7.880059076,,3.253285152,,,3.358745712,9.075027986,0.150402397,-4.934853597,,0.150402397,3.102882755,,,194.5,100.4,169.6,,,
1850,3,2.508219178,,,2.5,2.25,,,,,,,,,-4.263877715,6.772096893,8.746798527,,3.134833333,,,3.985596454,10.76872216,0.441232655,-6.238579349,,0.441232655,2.693600678,,,230.8,122.2,196.1,,,
1851,3,3,,,2.75,3.0625,,,,,,,,,-2.100840336,5.100840336,6.147484717,,3.112,,,4.279162918,11.56191226,0.834843768,-3.147484717,,0.834843768,2.277156232,,,247.8,131,214.1,,,
1852,2,2.153005464,,,1.75,1.906666667,,,,,,,,,1.373390558,0.779614907,2.949337829,,3.031166667,,,5.525956956,14.9306373,1.241214585,-0.796332365,,1.241214585,1.789952082,,,320,173.9,297.1,,,
1853,5,3.702739726,,,5.25,3.666666667,,,,5,5,5,,,15.66469094,-11.96195121,-4.121454844,,3.101583333,,,5.108056461,13.80150786,1.540975518,7.82419457,,1.540975518,1.560607815,,,295.8,153.6,281.2,,,
1854,5,5.115068493,,,4.5,4.9375,,,,5,5,5,,,7.906295754,-2.791227261,-3.812164777,,3.299916667,4.08,0.780083333,5.151228,13.91815346,1.616044834,8.927233271,,1.616044834,1.683871833,,,298.3,149.3,278,,,
1855,7,4.893150685,,,6,4.403333333,,,,5,5,5,,,1.96743555,2.925715135,-1.595394004,,3.350333333,4.090833333,0.7405,5.365358832,14.49671566,1.489531044,6.488544689,,1.489531044,1.860802289,,,310.7,152.2,288.3,,,
1856,6,5.953551913,,,6,5.495833333,,,,5,5,5,,,0.532268796,5.421283117,3.515927699,,3.230333333,4.066666667,0.836333333,6.118270467,16.53101499,1.247482211,2.437624214,,1.247482211,1.982851122,,,354.3,177.3,311.5,,,
1857,8,6.656164384,,,8.66,6.500833333,,,,5,5,5,,,-2.31634679,8.972511174,7.26117003,,3.2845,4.122916667,0.838416667,5.914500804,15.98044774,0.980751087,-0.605005646,,0.980751087,2.303748913,,,342.5,169.1,299.7,,,
1858,2.5,3.205479452,,,2.45,2.613333333,,,,5,5,5,,,-10.16260163,13.36808108,8.875230543,,3.113583333,4.003333333,0.88975,6.643236378,17.94942553,0.773015602,-5.669751091,,0.773015602,2.340567731,,,384.7,186.1,329.3,,,
1859,2.5,2.739726027,,,2.48,2.615,,,,4.5 to 5,4.75,4.75,,,0.980392157,1.759333871,5.761579795,,3.195416667,3.93,0.734583333,7.011057888,18.94324608,0.674946177,-3.021853767,,0.674946177,2.52047049,,,406,194.6,363,,,
1860,6,4.18989071,,,4.9,4.12,,,,4.5 to 5,4.75,4.75,,,7.84167289,-3.65178218,2.007456943,,3.21975,3.9975,0.77775,7.477310506,20.2030186,0.627883074,2.182433767,,0.627883074,2.591866926,,,433,207.7,380.1,,,
1861,3,5.239726027,,,2.84,4.975833333,,,,4.5 to 5,4.75,4.75,,,1.177285319,4.062440709,2.10250307,,3.28925,4.07875,0.7895,7.308078074,19.74576783,0.576217095,3.137222958,,0.576217095,2.713032905,,,423.2,205.6,410.8,,,
1862,3,2.530136986,,,3,2.465,,,,4.5 to 5,4.75,4.75,,,-0.616016427,3.146153413,0.916625026,,3.236416667,4.03,0.793583333,7.988461524,21.58410255,0.53646021,1.61351196,,0.53646021,2.699956456,,,462.6,221.1,463.5,,,
1863,7,4.421917808,,,7.78,4.404166667,,,,4.5 to 5,4.75,4.75,,,-3.994490358,8.416408166,6.368510852,,3.257416667,4.0325,0.775083333,8.737919436,23.60907024,0.531162221,-1.946593043,,0.531162221,2.726254446,,,506,237.4,508.3,,,
1864,6,7.349726776,,,6.38,7.265833333,,,,4.5 to 5,4.75,4.75,,,-1.147776184,8.49750296,9.245165261,,3.34725,4.095833333,0.748583333,9.549544364,25.80200759,0.571308325,-1.895438485,,0.571308325,2.775941675,,,553,252.8,555.4,,,
1865,7,4.77260274,,,6.25,4.785833333,,,,4.5 to 5,4.75,4.75,,,1.741654572,3.030948168,5.045006381,,3.3695,4.18,0.8105,9.839657105,26.58586605,0.622672096,-0.272403641,,0.622672096,2.746827904,,,569.8,251.2,576.9,,,
1866,3.5,6.939726027,,,3.72,6.595,,,,4.5 to 5,4.75,4.75,,,6.34807418,0.591651848,3.472747803,,3.427083333,4.269166667,0.842083333,9.492557933,25.64803539,0.633814029,3.466978225,,0.633814029,2.793269304,,,549.7,231.6,551.6,,,
1867,2,2.535616438,,,1.81,2.196666667,,,,4.5 to 5,4.75,4.75,,,5.298457411,-2.762840973,-2.366365436,,3.240666667,4.2975,1.056833333,9.186903439,24.82218452,0.564467894,4.901981874,,0.564467894,2.676198773,,,532,218.4,585.1,,,
1868,3,2.098360656,,,2.88,1.868333333,,,,4.5 to 5,4.75,4.75,,,-2.993630573,5.091991229,0.736023883,,3.218416667,4.183333333,0.964916667,9.698054458,26.20326847,0.431529322,1.362336773,,0.431529322,2.786887344,,,561.6,231.7,657.5,,,
1869,3,3.201369863,,,2.99,3.060833333,,,,4.5 to 5,4.75,4.75,,,-6.565988181,9.767358044,6.322761643,,3.244583333,4.081666667,0.837083333,10.44233179,28.21423868,0.299249266,-3.12139178,,0.299249266,2.945334067,,,604.7,245.1,719.5,,,
1870,2.5,3.098630137,,,2.25,3.276333333,,,,4.5 to 5,4.75,4.75,,2.083333333,0.421644413,2.676985724,5.456330499,,3.269583333,4.064166667,0.794583333,11.28676708,30.49582669,0.197663385,-2.357700362,,0.197663385,3.071919949,,,653.6,259.9,813.1,100,100,100
1871,3,2.883561644,,,2.625,2.619916667,,,,4.5 to 5,4.75,4.75,,1.854166667,2.799160252,0.084401392,2.67068583,,3.250083333,4.010833333,0.76075,13.54637785,36.25614951,0.088114844,0.212875814,,0.088114844,3.161968489,,,,,,120.02,121.49,115.52
1872,5,4.099726776,,,4.5,3.92725,,,,4.5 to 5,4.75,4.75,,3.041666667,4.220558203,-0.120831427,1.065370716,,3.261583333,3.934166667,0.672583333,13.99069905,37.70393118,-0.065829823,3.03435606,,-0.065829823,3.327413156,,,,,,123.956656,125.401978,118.939392
1873,4.5,4.795890411,,,3.813,4.437583333,,,,4.5 to 5,4.75,4.75,,3.458333333,0.783801437,4.012088974,2.577990181,,3.25675,3.920833333,0.664083333,14.26491675,39.05930126,-0.273485233,2.21790023,,-0.273485233,3.530235233,,,,,,126.3862065,127.6717538,119.1653768
1874,6,3.695890411,,,5.25,3.500083333,,,,4.5 to 5,4.75,4.75,,2.666666667,-4.53661698,8.232507391,4.884946829,,3.2625,3.9025,0.64,14.09373775,37.02624615,-0.501307703,-1.189056418,,-0.501307703,3.763807703,,,,,,124.869572,121.1860287,117.2587308
1875,4,3.22739726,,,3.625,2.8695,,,,4.5 to 5,4.75,4.75,,2.166666667,-1.493550577,4.720947837,5.178397355,,3.214833333,3.855833333,0.641,14.58560919,34.09987894,-0.705218699,-1.951000095,,-0.705218699,3.920052032,,,,,,129.22752,127.342279,120.846848
1876,2,2.601092896,,,1.375,1.770583333,,,,4.5 to 5,4.75,4.75,,1.208333333,0.206753963,2.394338933,3.853104484,,3.17325,3.7975,0.62425,15.04651444,33.26817457,-0.881526608,-1.252011588,,-0.881526608,4.054776608,,,,,,133.3111097,128.2591434,121.2214732
1877,4,2.905479452,,,3,2.427166667,,,,4.5 to 5,4.75,4.75,,1.9375,-0.068775791,2.974255243,3.176551274,,3.16225,3.7475,0.58525,15.74015876,30.06457258,-1.034387634,-0.271071822,,-1.034387634,4.196637634,,,,,,139.4567518,132.8636466,122.7367416
1878,5,3.783561644,,,4.313,3.6825,,,,4.5 to 5,4.75,4.75,,2.708333333,-3.028217481,6.811779125,5.276952329,,3.171166667,3.773333333,0.602166667,15.18295714,27.38463629,-1.15704271,-1.493390685,,-1.15704271,4.328209377,,,,,,134.5199828,128.9574554,113.0896337
1879,3,2.506849315,,,2.375,1.588833333,,,,4.5 to 5,4.75,4.75,,1.333333333,-4.47125621,6.978105525,5.664697823,,3.090166667,3.73,0.639833333,17.16888793,30.00296485,-1.233088896,-3.157848508,,-1.233088896,4.323255563,,,,,,152.1151966,165.1171259,134.7802255
1880,3,2.760928962,,,2.625,2.328416667,,,,4.5 to 5,4.75,4.75,,1.708333333,2.005943536,0.754985425,3.704977553,,3.058666667,3.611666667,0.553,18.92698206,31.66637358,-1.264852824,-0.944048591,,-1.264852824,4.323519491,,,,,,167.6917927,185.3439738,143.5813742
1881,5,3.48630137,,,4.125,2.875166667,,,,4.5 to 5,4.75,4.75,,2.416666667,-1.238164603,4.724465973,4.397851852,,2.9255,3.475833333,0.550333333,21.38181163,31.35833492,-1.287030236,-0.911550483,,-1.287030236,4.212530236,,,,,,189.4414182,189.6995572,143.1937045
1882,5,4.145205479,,,4.125,3.396083333,,,,4 to 5,4.5,4.5,,2.875,0.147492625,3.997712854,4.04171984,,2.94025,3.4675,0.52725,21.02473538,29.32527981,-1.301568348,0.103485639,,-1.301568348,4.241818348,,,,,,186.2777465,185.5641069,137.2511658
1883,3,3.57260274,,,2.75,3.004166667,,,,4 to 5,4.5,4.5,,2.416666667,0,3.57260274,3.775987873,,2.851333333,3.478333333,0.627,20.48439968,27.84669427,-1.309944071,-0.203385133,,-1.309944071,4.161277404,,,,,,181.4904084,176.5456913,125.9965702
1884,5,2.961748634,,,4.25,2.380166667,,,,4 to 5,4.5,4.5,,1.958333333,-3.441860465,6.403609099,4.653180341,,2.734,3.365,0.631,20.51922316,27.26142083,-1.299118635,-1.691431707,,-1.299118635,4.033118635,,,,,,181.7989421,173.4737962,126.0217695
1885,4,2.916438356,,,3.063,2.05225,,,,4 to 5,4.5,4.5,,1.770833333,-3.468208092,6.384646449,5.683100542,,2.86325,3.338333333,0.475083333,20.37969244,27.32302856,-1.242953827,-2.766662186,,-1.242953827,4.106203827,,,,,,180.5627093,167.1940448,125.5806933
1886,5,3.056164384,,,4.125,2.061583333,,,,4 to 5,4.5,4.5,,1.708333333,-0.898203593,3.954367976,5.234100701,,2.830833333,3.293333333,0.4625,20.13106019,27.35383243,-1.136720249,-2.177936317,,-1.136720249,3.967553582,,,,,,178.3598443,159.7037516,130.2648531
1887,4,3.342465753,,,2.688,2.344,,,,4 to 5,4.5,4.5,,2.041666667,-2.014098691,5.356564444,5.312617795,,2.748666667,3.24,0.491333333,20.03040489,26.4913242,-0.997958965,-1.970152042,,-0.997958965,3.746625632,,,,,,177.4680451,150.8401934,129.991297
1888,5,3.306010929,,,4,2.369833333,,,,4 to 5,4.5,4.5,,1.958333333,-0.205549846,3.511560775,4.192656178,,2.643416667,3.035833333,0.392416667,22.06950011,28.03151747,-0.841843837,-0.886645249,,-0.841843837,3.485260503,,,,,,195.534292,171.8522323,140.0396242
1889,6,3.557534247,,,3.938,2.75175,,,,4 to 5,4.5,4.5,,2.125,0.823892894,2.733641353,3.610072492,,2.6455,2.994166667,0.348666667,23.47312032,31.69717744,-0.693669134,-0.052538245,,-0.693669134,3.339169134,,,,,,207.970273,181.9743288,153.161337
1890,5,4.520547945,,,4.125,3.697916667,,,,4 to 5,4.5,4.5,,3.125,0.408580184,4.111967761,4.110199954,,2.686583333,3.013333333,0.32675,23.73132464,30.34180737,-0.572410691,0.410347991,,-0.572410691,3.258994024,,,,,,210.257946,181.2282341,143.9869729
1891,3.5,3.317808219,,,2.375,2.562583333,,,,4 to 5,4.5,4.5,,1.833333333,0.813835198,2.503973021,2.623537986,,2.70375,3.004166667,0.300416667,23.03125056,29.94135712,-0.481907648,0.694270233,,-0.481907648,3.185657648,,,,,,204.0553366,173.3085603,133.0295643
1892,3,2.520491803,,,1.75,1.567833333,,,,4 to 5,4.5,4.5,,1.25,0.403632694,2.116859109,1.99280886,,2.669,2.931666667,0.262666667,22.46007555,29.91055325,-0.416175041,0.527682943,,-0.416175041,3.085175041,,,,,,198.9947643,166.7921584,125.4601821
1893,3,3.057534247,,,2.375,2.375,,,,4 to 5,4.5,4.5,,1.541666667,-1.909547739,4.967081985,3.728451268,,2.6185,2.8775,0.259,21.69867899,30.4034151,-0.356308828,-0.670917021,,-0.356308828,2.974808828,,,,,,192.2488418,159.1030399,122.1982173
1894,2,2.11369863,,,0.938,1.007916667,,,,4 to 5,4.5,4.5,,0.833333333,-2.663934426,4.777633056,3.937803626,,2.537833333,2.771666667,0.233833333,23.25881401,32.28245088,-0.275243217,-1.824104996,,-0.275243217,2.813076551,,,,,,206.0715335,168.3310162,130.5565754
1895,2,2,,,1.25,0.844,,,,4 to 5,4.5,4.5,,0.5,-1.368421053,3.368421053,3.865300402,,2.4065,2.5975,0.191,25.24976849,36.44097271,-0.161449327,-1.865300402,,-0.161449327,2.567949327,,,,,,223.7112567,176.8148994,150.0225608
1896,4,2.483606557,,,3.625,1.53925,,,,4 to 5,4.5,4.5,,1.083333333,-0.213447172,2.697053729,3.533643344,,2.301333333,2.489166667,0.187833333,27.39599881,43.71068493,-0.027245846,-1.050036787,,-0.027245846,2.32857918,,,,,,242.7267136,189.7223871,171.9858637
1897,3,2.632876712,,,2.938,1.885416667,,,,4 to 5,4.5,4.5,,1.125,2.032085561,0.600791151,1.954552294,,2.263666667,2.5125,0.248833333,28.48635956,45.99017096,0.102963032,0.678324419,,0.102963032,2.160703635,,,,,,252.3872368,193.9911408,176.5778862
1898,4,3.249315068,,,2.938,2.607166667,,,,4 to 5,4.5,4.5,,1.791666667,1.78197065,1.467344419,1.791393509,,2.289166667,2.579583333,0.290416667,28.93929268,46.14419029,0.202945571,1.457921559,,0.202945571,2.086221096,,,,,,256.4001938,185.8047146,177.6373536
1899,6,3.75890411,,,5.75,3.273666667,,,,4 to 5,4.5,4.5,,2.25,-1.029866117,4.788770227,3.332828861,,2.378166667,2.700833333,0.322666667,29.35601849,45.1584666,0.265740406,0.426075249,,0.265740406,2.112426261,,,,,,260.0923566,188.9633948,188.5265233
1900,4,3.95890411,,,4.125,3.664416667,,,,4 to 5,4.5,4.5,,2.458333333,4.058272633,-0.099368523,1.882333498,,2.547416667,2.82,0.272583333,31.23186807,44.81962408,0.300156715,2.076570611,,0.300156715,2.247259952,,,,,,276.7122582,197.6557109,188.7716078
1901,4,3.749315068,,,3.282,3.197916667,,,,4 to 5,4.5,4.5,,2.25,-0.3,4.049315068,2.887806502,,2.690666667,2.881666667,0.191,31.77217939,42.60174577,0.302046271,0.861508566,,0.302046271,2.388620395,,,,,,281.4993803,183.6221555,183.5426343
1902,4,3.328767123,,,3.563,3.01325,,,,4 to 5,4.5,4.5,,1.791666667,0,3.328767123,2.607112597,,2.6755,2.903333333,0.227833333,32.61731936,42.66335351,0.304859283,0.721654527,,0.304859283,2.370640717,,,,,,288.9872638,179.5273814,181.4686025
1903,4,3.750684932,,,3.375,3.375333333,,,,4 to 5,4.5,4.5,,2.208333333,1.10330993,2.647375002,3.259029967,,2.787,2.999166667,0.212166667,32.02042242,39.70618243,0.336025494,0.491654965,,0.336025494,2.450974506,,,,,,283.6987969,176.8703762,178.2566083
1904,3,3.293715847,,,2.625,2.646,,,,4 to 5,4.5,4.5,,1.75,-0.396825397,3.690541244,3.161135566,,2.86025,3.118333333,0.258083333,34.3995398,40.69190612,0.419926056,0.132580281,,0.419926056,2.440323944,,,,,,304.7776175,191.0376933,184.3886356
1905,4,3.010958904,,,4,2.655,,,,4 to 5,4.5,4.5,,1.583333333,0.398406375,2.61255253,2.71014135,,2.8105,3.083333333,0.272833333,36.84190713,43.21782308,0.588581866,0.300817554,,0.588581866,2.221918134,,,,,,326.4168283,221.7565544,193.2761678
1906,6,4.273972603,,,5.688,4.060166667,,,,4 to 5,4.5,4.5,,2.708333333,-0.099206349,4.373178952,4.283418944,,2.8585,3.1725,0.314,39.16663147,43.03299989,0.86581456,-0.009446342,,0.86581456,1.99268544,,,,,,347.0137302,253.9334304,194.1265829
1907,7,4.92739726,,,5.625,4.489916667,,,,4 to 5,4.5,4.5,,3.416666667,1.588877855,3.338519405,4.083038963,,2.999083333,3.3,0.300916667,37.45504967,40.19904428,1.273559954,0.844358298,,1.273559954,1.725523379,,,,,,331.8492302,237.2246107,176.4028259
1908,2.5,3,,,2.282,2.206083333,,,,4 to 5,4.5,4.5,,1.333333333,1.270772239,1.729227761,1.907791794,,2.925083333,3.296666667,0.371583333,39.1367814,38.90528193,1.824095722,1.092208206,,1.824095722,1.100987611,,,,,,346.7492606,219.6225446,178.8371849
1909,4.5,3.105479452,,,3.375,2.304083333,,,,4 to 5,4.5,4.5,,1.708333333,0.193050193,2.912429259,2.309947113,,3.01525,3.406666667,0.391416667,42.11117679,39.95261336,2.532863935,0.795532339,,2.532863935,0.482386065,,,,,,373.1022044,241.1016294,186.9742768
1910,4.5,3.723287671,,,3.469,3.17475,,,,4 to 5,4.5,4.5,,2.333333333,2.119460501,1.60382717,2.351487915,,3.119666667,3.5475,0.427833333,42.78495562,43.49505787,3.409765707,1.371799756,,3.409765707,-0.290099041,,,,,,379.0718397,240.1854432,189.4797321
1911,4,3.468493151,,,3.719,3.0185,,,,4 to 5,4.5,4.5,,1.958333333,0.283018868,3.185474283,2.652535528,,3.186833333,3.61,0.423166667,42.52396739,44.60399702,4.441273516,0.815957623,,4.441273516,-1.254440182,,,,,,376.7595015,233.9886588,191.4313734
1912,5,3.777322404,,,4.782,3.6175,,,,4.5 to 5,4.75,4.75,,2.375,2.822201317,0.955121087,1.857423985,,3.319916667,3.745,0.425083333,43.41697071,44.2651545,5.600962179,1.919898419,,5.600962179,-2.281045512,,,,,,384.671451,240.8913242,198.9354832
1913,5,4.771232877,,,4.75,4.364833333,,,,4.5 to 5,4.75,4.75,,3.25,0.640439158,4.130793718,3.547749129,,3.4275,3.888333333,0.460833333,42.20129553,42.20129553,6.82079378,1.223483748,,6.82079378,-3.39329378,,,,,,373.9006504,230.5570864,185.4277639
1914,5,4.043835616,,,2.438,2.950916667,,,,4.5 to 5,4.75,4.75,,1.833333333,2.545454545,1.498381071,2.014536333,,3.482333333,3.929287533,0.446954199,42.78105508,42.78105508,8.00492078,2.029299284,,8.00492078,-4.522587447,,,,,,,,
1915,5,5,,,5.156,3.721416667,,,,4.5 to 5,4.75,4.75,,2.666666667,12.5,-7.5,-2.141724195,,3.858,4.091317682,0.233317682,32.22524811,32.22524811,8.995687704,7.141724195,,8.995687704,-5.137687704,,,,,,,,
1916,6,5.469945355,,,5.438,5.211,,,,5,5,5,,3.791666667,18.1,-12.63005464,-7.839145554,,4.3165,4.660521322,0.344021322,35.87257978,35.87257978,9.580889867,13.30909091,,9.580889867,-5.264389867,,,,,,,,
1917,5,5.152054795,,,4.062,4.736916667,,,,5,5,5,,4,25.2,-20.04794521,-15.37794521,,4.58225,5.203402517,0.621152517,38.87626469,38.87626469,9.583365709,20.53,,9.583365709,-5.001115709,,,,,,,,
1918,5,5,,,3.156,3.541583333,,,,5 to 5.5,5.25,5.25,,3.041916667,22,-17,-17.18,,4.428666667,5.230406994,0.801740327,43.51052141,43.51052141,8.91114477,22.18,,8.91114477,-4.482478103,,,,,,,,
1919,6,5.153424658,,,5.75,3.997416667,,,,5 to 5.5,5.25,5.25,,3.208333333,10.1,-4.946575342,-11.53657534,,4.637166667,5.46492876,0.827762093,45.99928891,45.99928891,7.628422933,16.69,,7.628422933,-2.991256266,,,,,,,,
1920,7,6.713114754,,,6.625,6.430083333,,,,6 to 6.5,6.25,6.25,,4.791666667,15.4,-8.686885246,-8.416885246,,5.366,6.273049746,0.907049746,32.48270681,32.48270681,5.930284633,15.13,,5.930284633,-0.564284633,,,,,,,,
1921,5,6.091780822,,,3.625,5.083666667,,,,6.5 to 7,6.75,6.75,,4.041666667,-8.6,14.69178082,3.751780822,,5.19975,6.159287461,0.959537461,33.3409025,33.3409025,4.036530078,2.34,,4.036530078,1.163219922,,,,,,,,
1922,3,3.693150685,,,2.625,2.595083333,,,,5.5 to 6.5,6.525,6.525,4.265,1.625,-14,17.69315068,10.19315068,,4.391583333,5.147567269,0.755983935,39.20890134,39.20890134,2.261656626,-6.5,,2.261656626,2.129926707,,,,,,,,
1923,4,3.493150685,3.213,2.711166667,3.313,2.698333333,,,,5 to 6,6.3,6.3,4.1,1.5,-6,9.493150685,12.41315068,,4.296166667,4.911192582,0.615025915,38.642106,38.642106,0.793796337,-8.92,,0.793796337,3.50237033,,,,,,,,
1924,4,4,3.772,3.414333333,3.75,3.492666667,,,,5 to 5.5,6.075,6.075,4.315,2,-0.7,4.7,8.95,,4.373333333,5.09665176,0.723318427,42.30960527,42.30960527,-0.341535296,-4.95,,-0.341535296,4.71486863,,,,,,,,
1925,5,4.578082192,4.902,4.20825,4.844,4.15925,,,,5 to 5.5,5.85,5.85,4.69,2.583333333,0.3,4.278082192,5.838082192,,4.439333333,5.147807656,0.708474323,44.17669581,44.17669581,-1.186760744,-1.26,,-1.186760744,5.626094078,,,,,,,,
1926,5,5,4.478,4.428166667,4.5,4.435166667,,,,5 to 5.5,5.83,5.25,4.855,3,-0.8,5.8,5.45,,4.524916667,5.299511054,0.774594388,45.24360469,45.24360469,-1.787887124,-0.45,,-1.787887124,6.312803791,,,,,,,,
1927,4.5,4.650684932,4.267,4.354083333,4.313,4.258166667,,,,5 to 5.5,5.81,5.25,4.69,2.625,-2.4,7.050684932,6.030684932,,4.558083333,5.304801706,0.746718373,48.97778577,48.97778577,-2.176053947,-1.38,,-2.176053947,6.73413728,,,,,,,,
1928,4.5,4.5,4.795,4.256583333,4.36,4.171,,,,5 to 5.5,5.79,5.25,4.775,2.5,-0.3,4.8,5.53,,4.465416667,5.253538034,0.788121367,52.94535317,52.94535317,-2.372521851,-1.03,,-2.372521851,6.837938518,,,,,,,,
1929,5,5.495890411,4.603,5.259333333,4.532,5.258333333,,,,5 to 5.5,5.77,5.25,5.53,3.625,-0.9,6.395890411,6.515890411,4.76,4.5675,5.425833333,0.858333333,49.04446758,49.04446758,-2.400790936,-1.02,,-2.400790936,7.160790936,,,,,,,,
1930,3,3.408219178,1.268,2.332166667,2.297,2.456083333,,,,5 to 5.5,5.82,5.25,4.48,1.375,-2.8,6.208219178,5.138219178,4.31,4.44775,5.513333333,1.065583333,39.50896946,39.50896946,-2.263636082,-1.73,,-2.263636082,6.573636082,,,,,,,,
1931,6,3.969863014,5.511,3.238333333,5.625,3.825916667,,,,5 to 5.5,5.87,5.25,4.705,2.25,-4.3,8.269863014,7.139863014,4.85,4.397416667,5.815833333,1.418416667,30.24019857,30.24019857,-1.948824261,-3.17,,-1.948824261,6.798824261,,,,,,,,
1932,2,3.00273224,0.968,1.457,1.094,1.6695,,,,5 to 5.5,5.87,5.25,4.49,1.125,-2.6,5.60273224,6.15273224,3.67,3.752416667,5.223333333,1.470916667,31.9405846,31.9405846,-1.449486084,-3.15,,-1.449486084,5.119486084,,,,,,,,
1933,2,2,0.967,0.599333333,1.094,0.664416667,,,,5 to 5.5,5.57,5.25,4.025,0.5,-2.1,4.1,4.69,3.45,3.38,4.34,0.96,36.14153831,36.14153831,-0.782263919,-2.69,,-0.782263919,4.232263919,,,,,,,,
1934,2,2,0.325,0.708,0.5,0.797333333,,,,5 to 5.5,5.44,5.25,4.105,0.5,0,2,3.15,3.13,3.076841667,3.994166667,0.917325,37.84192434,37.84192434,0.024694727,-1.15,,0.024694727,3.105305273,,,,,,,,
1935,2,2,0.568,0.516083333,0.719,0.588833333,,,,4.5 to 5,5.21,4.75,3.96,0.5,0.7,1.3,2.07,2.740416667,2.904416667,3.969166667,1.06475,40.0424239,40.0424239,0.930064986,-0.07,,0.930064986,1.810351681,,,,,,,,
1936,2,2,0.649,0.55325,0.657,0.58375,,,,4.5 to 5,4.97,4.75,3.975,0.5,0.7,1.3,1.44,2.734166667,2.94125,3.9475,1.00625,45.91042274,45.91042274,1.892275042,0.56,,1.892275042,0.841891625,,,,,,,,
1937,2,2,0.548,0.541583333,0.657,0.578333333,,,,4.5 to 5,4.87,4.75,3.965,0.5,3.4,-1.4,-0.05,3.099583333,3.299166667,4.039166667,0.74,38.50874239,38.50874239,2.86745243,2.05,,2.86745243,0.232130903,,,,,,,,
1938,2,2,0.687,0.632083333,0.625,0.675833333,,,,4.5 to 5,4.82,4.75,3.77,0.5,1.6,0.4,0.04,3.001944444,3.407166667,4.104166667,0.697,34.80790221,34.80790221,3.799801935,1.96,,3.799801935,-0.797857491,,,,,,,,
1939,2,2.268493151,1.219,1.241,1.235,1.319416667,,,,,4.79,5.375,3.82,0.666666667,2.8,-0.531506849,-0.291506849,3.463888889,3.72925,4.439166667,0.709916667,33.60762972,33.60762972,4.638853817,2.56,,4.638853817,-1.174964928,,,,,,,,
1940,2,2,1.006,1.027833333,1.031,1.035,,,,,4.76,5,3.535,0.5,16.8,-14.8,-7.56,3.031805556,3.384583333,4.446666667,1.062083333,31.17374384,31.17374384,5.312140316,9.56,,5.312140316,-2.280334761,,,,,,,,
1941,2,2,1.009,1.006333333,1.031,1.031,,,,,4.74,5,3.45,0.5,10.8,-8.8,-9,2.720833333,3.115916667,4.263333333,1.147416667,33.20753889,33.20753889,5.728805136,11,,5.728805136,-3.007971802,,,,,,,,
1942,2,2,1.103,1.011333333,1.031,1.031,,,,,4.77,5,3.483333333,0.5,7.1,-5.1,-8.15,2.62625,3.023166667,4.035,1.011833333,35.54140207,35.54140207,5.912870574,10.15,,5.912870574,-3.286620574,,,,,,,,
1943,2,2,1.009,1.003666667,1.031,1.031,,,,,4.8,5,3.326666667,0.5,3.4,-1.4,-3.99,2.725555556,3.098333333,3.908333333,0.81,37.84192434,37.84192434,5.939070881,5.99,,5.939070881,-3.213515325,,,,,,,,
1944,2,2,1.003,1.00435,1.031,1.031,,,,,4.71,5,3.393333333,0.5,2.7,-0.7,-1.79,2.69375,3.134666667,3.85,0.715333333,39.9757421,39.9757421,5.894011596,3.79,,5.894011596,-3.200261596,,,,,,,,
1945,2,2,0.502,0.877,0.531,0.906,,,,,4.68,4.666666667,3.405,0.5,2.8,-0.8,-0.89,2.640555556,2.89175,3.7925,0.90075,41.80949174,41.80949174,5.838907556,2.89,,5.838907556,-3.198352,,,,,,,,
1946,2,2,0.501,0.506583333,0.531,0.781,,,,,4.35,4,3.24,0.5,3.1,-1.1,-0.93,2.30625,2.590833333,3.684166667,1.135833333,43.40985506,43.40985506,5.803033476,2.93,,5.803033476,-3.496783476,,,,,,,,
1947,2,2,0.511,0.508916667,0.531,0.531,,,,,4.29,4,3.286666667,0.5,7,-5,-2.99,2.408333333,2.769166667,3.683333333,0.98,41.07599188,41.07599188,5.785274998,4.99,,5.785274998,-3.376941665,,,,,,,,
1948,2,2,0.52,0.50975,0.563,0.560333333,,,,,4.24,4,3.286666667,0.5,7.7,-5.7,-4.57,2.52125,3.2075,3.773333333,0.989166667,40.54253744,40.54253744,5.757487431,6.57,,5.757487431,-3.236237431,,,,,,,,
1949,2,2,0.521,0.522666667,0.688,0.634083333,,,,,4.2,4,3.163333333,0.5,2.8,-0.8,-3.11,2.500416667,3.3,3.873333333,0.995,38.97551502,38.97551502,5.703673331,5.11,,5.703673331,-3.203256664,,,,,,,,
1950,2,2,0.515,0.5155,0.688,0.688,,,,,4.18,4,3.19,0.5,3.918495298,-1.918495298,-2.339247649,2.622083333,3.545833333,4.071666667,1.071666667,40.52385342,40.52385342,5.627260381,4.339247649,,5.627260381,-3.005177047,,,,,,,,
1951,2.5,2.073972603,0.967,0.59075,1.5,0.927333333,,,,,4.19,4,3.366666667,0.541666667,9.049773756,-6.975801153,-4.186462864,3.240416667,3.7475,4.275,0.634166667,41.50380436,41.50380436,5.50263953,6.260435467,,5.50263953,-2.262222864,,,,,,,,
1952,4,3.713114754,2.418,2.182083333,3,2.75,,,,,4.32,4.416666667,3.933333333,1.791666667,10.65006916,-6.936954402,-5.11055101,3.946666667,4.235,5.135833333,0.878333333,39.40234591,39.40234591,5.287129125,8.823665764,,5.287129125,-1.340462459,,,,,,,,
1953,3.5,3.854794521,2.131,2.288166667,2.168,2.725166667,,,,,4.55,4.5,4.006666667,1.916666667,3.625,0.229794521,-2.962680977,3.504166667,4.0825,4.903333333,0.9625,45.70672126,45.70672126,4.973521117,6.817475498,,4.973521117,-1.46935445,,,,,,,,
1954,3,3.180821918,1.866,1.794166667,1.875,1.830833333,,,,,4.58,4.5,3.81,1.166666667,2.291917973,0.888903944,-1.1826509,3.199583333,3.755833333,4.5725,1.021666667,61.46765962,61.46765962,4.608236163,4.363472818,,4.608236163,-1.40865283,,,,,,,,
1955,4.5,4.316438356,4.073,3.836666667,4.188,3.877833333,,,,,4.66,4.791666667,4.45,2.416666667,5.070754717,-0.754316361,0.368485606,4.144583333,4.175833333,5.005,0.685,62.43756352,62.43756352,4.224259713,3.947952751,,4.224259713,-0.07967638,,,,,,,,
1956,5.5,5.37431694,4.858,5.01175,4.938,5.057583333,,,,,5.32,5.666666667,5.1,3.416666667,5.162738496,0.211578444,0.813337682,5.129166667,4.739166667,5.679166667,0.521666667,56.82020344,56.82020344,3.831394853,4.560979258,,3.831394853,1.297771814,,,,,,,,
1957,7,5.620547945,6.375,4.87475,6.5,5.2215,,,,,5.98,6,5.273333333,3.708333333,3.842049093,1.778498852,1.136550907,5.276666667,5.005,6.124166667,0.634166667,54.9208083,54.9208083,3.447902072,4.483997039,,3.447902072,1.828764595,,,,,,,,
1958,4,5.389041096,3.152,4.4615,3.25,4.573166667,,,,,6.13,6,4.98,3.25,2.877697842,2.511343254,1.765029748,5.44,4.983333333,6.163333333,0.689166667,73.15451666,73.15451666,3.105327911,3.624011348,,3.105327911,2.334672089,,,,,,,,
1959,4,4,3.687,3.392,3.781,3.502666667,,,,,5.98,5.75,4.336666667,2,0,4,4,5.125833333,4.825,5.983333333,0.791666667,104.8987439,104.8987439,2.83913989,1.931419471,,2.83913989,2.286693443,,,,,,,,
1960,5,5.346994536,4.35,4.949416667,4.5,5.088666667,,,,,5.89,5.833333333,5.373333333,3.416666667,1.5,3.846994536,3.846994536,5.815,5.45775,6.295,0.5225,99.95587111,99.95587111,2.68255225,1.152579212,,2.68255225,3.13244775,,,,,,,,
1961,6,5.668493151,5.4,5.2425,5.625,5.411666667,,,,,6.28,6.333333333,5.666666667,3.791666667,2,3.668493151,3.668493151,6.260833333,6.2695,7.069166667,0.785833333,97.42951393,97.42951393,2.646387833,1.983827562,,2.646387833,3.614445501,,,,,,,,
1962,4.5,4.857534247,3.72,4.126666667,3.875,4.307583333,,,,,6.61,6.5,5.14,2.791666667,1.5,3.357534247,3.357534247,5.810416667,5.979083333,7.020833333,1.124166667,94.95,94.95,2.722543958,3.233493885,,2.722543958,3.087872708,,,,,,,,
1963,4,4.002739726,3.72,3.673333333,3.875,3.810083333,,,,,6.27,6.041666667,4.5,2,2,2.002739726,2.002739726,5.082916667,5.588333333,6.08,0.78,107.86,107.86,2.908954068,2.962901843,,2.908954068,2.173962599,,,,,,,,
1964,7,5.057377049,6.63,4.785833333,6.813,4.958583333,,,,,6.16,6,5.56,3.25,2,3.057377049,3.057377049,5.601666667,6.06,6.506666667,0.7075,97.43,97.43,3.218326163,3.085912564,,3.218326163,2.383340504,,,,,,,,
1965,6,6.419178082,5.52,5.904166667,5.875,6.252833333,,,,,6.63,6.6875,6.92,4.416666667,1.585886156,4.833291926,4.833291926,6.55,6.433333333,7.0725,0.645,103.52,103.52,3.655378704,3.518439127,,3.655378704,2.894621296,,,,,,,,
1966,7,6.468493151,6.53,6.139166667,6.875,6.43,,,,,6.95,7,6.97,4.5,1.744325733,4.724167417,4.724167417,6.880833333,6.8175,7.6975,0.79,92.48,92.48,4.224946891,3.922890214,,4.224946891,2.655886442,,,,,,,,
1967,8,6.15890411,7.48,5.87,7.75,6.093833333,,,,,7.2,7.125,6.66,4.208333333,0.526304836,5.632599274,5.632599274,6.7,6.73,7.558333333,0.7575,122.18,122.18,4.937912136,3.173228408,,4.937912136,1.762087864,,,,,,,,
1968,7,7.467213115,6.78,7.0175,7.258,7.370583333,,,,,7.46,7.458333333,7.97,5.416666667,3.751678746,3.715534369,3.715534369,7.509166667,7.459166667,8.24,0.695,168.6,168.6,5.802906383,3.471509525,,5.802906383,1.706260283,,,,,,,,
1969,8,7.843835616,7.65,7.6925,8.75,8.5,,,,,8.08,8.28125,8.47,5.916666667,1.466886221,6.376949396,6.376949396,8.83,8.940833333,10.295,1.25,142.31,142.31,6.801582454,4.247626794,,6.801582454,2.028417546,,,,,,,,
1970,7,7.228767123,6.82,6.9725,8,8.166666667,,8.045,,,8.58,8.5,8.23,5.208333333,3.021843853,4.20692327,4.20692327,8.634166667,9.233333333,10.4925,1.278333333,133.61,133.61,7.897564106,5.618594932,,7.897564106,0.736602561,,,,,,,,
1971,5,5.915068493,4.41,5.5275,4.5,6.276166667,,6.210833333,,,8.59,8.416666667,6.86,3.8125,6.632173493,-0.717105,-0.717105,8.060833333,9.040833333,10.06083333,1.211666667,187.66,187.66,9.038459274,7.7029918,,9.038459274,-0.977625941,,,,,,,,
1972,9,5.880464481,8.31,5.631666667,8.75,6.343833333,5.895833333,6.574166667,,,8.26,8.166666667,6.76,4.09375,4.632530737,1.247933744,1.247933744,8.375,9.198333333,9.715833333,0.813333333,221.39,221.39,10.15810025,7.723778422,,10.15810025,-1.78310025,,,,,,,,
1973,13,9.85890411,12.42,9.525,14,10.71633333,10,11.45583333,,,9.59,9.875,10.89,8.020833333,4.225272345,5.633631764,5.633631764,10.55833333,10.91,11.41083333,0.698333333,144.97,144.97,11.19403473,8.713495822,,11.19403473,-0.6357014,,,,,,,,
1974,11.5,11.94794521,10.99,11.33666667,12.781,13.09141667,12.29166667,13.41333333,,,10.685,11,13.33,9.5,13.8739649,-1.926019694,-1.926019694,14.20666667,15.17333333,16.44333333,1.6775,65.26,65.26,12.05412942,12.10788669,,12.05412942,2.152537244,,,,,,,,
1975,11.25,10.79794521,10.7708,10.16941667,10.63,10.5875,10.37083333,10.63083333,,,11.0725,11,11.47,7.03125,17.29889657,-6.500951366,-6.500951366,13.18166667,14.60083333,15.9425,1.55,154.28,154.28,12.62781067,17.9389699,,12.62781067,0.553856,,,,,,,,
1976,14.25,11.73019126,13.5094,11.2023,13.63,11.37583333,11.26041667,11.49333333,,,11.065,11.0625,12.1,7.541666667,7.677957767,4.052233489,4.052233489,13.61,14.2275,15.15533333,0.725333333,141.53,141.53,12.84126352,17.78510845,,12.84126352,0.768736478,,,,,,,,
1977,7,8.45890411,6.2931,7.489,6.34,7.689166667,8.625,8.161666667,,,11.0525,10.72916667,11.37875,4.791666667,9.432234826,-0.973330717,-0.973330717,12.01916667,12.19166667,13.41275,0.68775,211.56,211.56,12.72139494,16.70855755,,12.72139494,-0.702228271,,,,,,,,
1978,12.5,9.137671233,11.5635,8.602916667,12.22,9.125833333,9.25,9.240341667,,,9.925,9.5625,11.9,6.0625,8.299936317,0.837734916,0.837734916,12.12333333,12.02666667,12.805,0.335833333,224.4,224.4,12.32329923,11.35033207,,12.32329923,-0.199965894,,,,,,,,
1979,17,13.75616438,15.8421,13.10436667,16.75,13.61333333,13.91666667,13.68455833,,,11.3425,12.29166667,16.5325,11.5,8.942978102,4.813186282,4.813186282,12.93,11.34583333,13.23333333,0.245833333,230.77,230.77,11.72425676,10.91639624,,11.72425676,1.205743244,,,,,,,,
1980,14,16.30054645,13.0161,15.0597,14.25,15.97,16.16666667,16.62015,,,14.175,14.91666667,18.415,14.125,12.73012356,3.570422887,3.570422887,13.91416667,11.92916667,14.16,0.375,292.72,292.72,10.9530149,12.48334282,,10.9530149,2.961151771,,,,,,,,
1981,14.375,13.15976027,14.6701,13.04446667,14.84,13.2475,13.25,13.91219167,,,14.2375,13.66666667,15.2675,10.60416667,7.408486134,5.75127414,5.75127414,14.88333333,13.01166667,15.43,0.6875,310.04,310.04,10.03477845,12.72566504,,10.03477845,4.848554882,,,,,,,,
1982,10,11.95445205,9.7204,11.11695,9.94,11.53916667,11.80208333,12.28779167,,,13.4775,12.81330222,14.125,8.875,9.009463027,2.944989027,2.944989027,13.085,11.74083333,13.945,1.065,379.4,379.4,9.036722078,10.62930737,,9.036722078,4.048277922,,,,,,,,
1983,9.0625,9.860616438,8.8391,9.571933333,8.86,9.664166667,9.791666667,10.12780833,,,11.5975,10.71913619,11.4725,6.458333333,7.073722924,2.786893514,2.786893514,11.26833333,10.25083333,12.1375,1.336666667,464.97,464.97,8.043772648,7.26274929,,8.043772648,3.224560685,,,,,,,,
1984,9.5,9.666325137,9.1225,9.297083333,9.14,9.453333333,9.677083333,9.943883333,,,11.7025,11.55632303,11.3925,6.5,6.353591821,3.312733315,3.312733315,11.1275,10.17333333,11.83416667,1.41,577.75,577.75,7.131589811,5.231711455,,7.131589811,3.995910189,,,,,,,,
1985,11.375,12.05890411,11.1662,11.62996667,11.23,11.685,12.33333333,12.243225,,,13.395,13.20910523,14.1575,10.2275,6.438647872,5.620256237,5.620256237,10.97,10.09,11.49666667,0.996666667,674.53,674.53,6.34469549,4.725542616,6.788866703,6.788866703,4.181133297,,,,,,,,
1986,10.875,10.73938356,10.6646,10.300125,10.68,10.45,10.83333333,10.94318333,,,11.855,11.81644261,13.195,8.148333333,4.066611504,6.672772058,6.672772058,10.135,9.463333333,10.81833333,0.9575,817.98,817.98,5.698895713,3.991324225,4.788866703,4.788866703,5.346133297,,,,,,,,
1987,8.375,9.595547945,8.209,9.181075,8.39,9.311666667,9.625,9.697975,,,11.305,11.51147768,11.5475,6.590833333,4.234728957,5.360818989,5.360818989,9.570833333,9.315,10.63916667,1.1675,844.74,844.74,5.19574955,3.584751304,4.588866703,4.588866703,4.98196663,,,,,,,,
1988,12.875,9.951502732,12.5083,9.960858333,12.64,10.055,10.29166667,10.32893333,,,11.0825,11.02182198,11.9675,6.3275,3.872701744,6.078800989,6.078800989,9.675833333,9.123333333,10.77666667,1.415,914.63,914.63,4.813127114,3.506295471,4.088866703,4.088866703,5.58696663,,,,,,,,
1989,14.875,13.67534301,14.479,13.32725833,13.35,13.44083333,13.91666667,13.88575833,,,13.7025,13.74696395,15.7125,10.74,4.857929065,8.817413949,8.817413949,10.19083333,9.260833333,11.32833333,1.748333333,1175.26,1175.26,4.508941025,4.387545287,4.188866703,4.188866703,6.00196663,,,,,,,,
1990,13.875,14.64212329,13.0581,14.044925,13.35,14.13916667,14.75,14.7688,,,15.02,15.17463646,16.655,11.45333333,5.154690712,9.487432575,9.487432575,11.8025,10.87916667,12.85,1.769166667,1040.25,1040.25,4.230572628,5.809458811,4.988866703,4.988866703,6.813633297,,,,,,,,
1991,10.375,11.55582192,10.1879,10.77951667,10.28,10.91416667,11.54166667,11.522075,,,12.55,12.79122402,13.62,8.495,3.579479176,7.976342742,7.976342742,10.105,9.989166667,11.30083333,1.380833333,1156.9,1156.9,3.932713862,6.905648575,4.288866703,4.288866703,5.816133297,,,,,,,,
1992,6.875,9.425546448,6.3574,8.781633333,6.58,8.950833333,9.416666667,9.621566667,,,10.34,10.61101211,11.35,5.86,2.506167171,6.919379277,6.919379277,9.063333333,9.163333333,10.36666667,1.2425,1324.08,1324.08,3.597450937,5.785105621,3.088866703,3.088866703,5.97446663,,,,,,,,
1993,5.375,5.890068493,4.8934,5.150908333,5,5.510833333,5.916666667,5.940383333,,,7.9975,8.062504958,8.329,3.046666667,3.945106685,1.944961808,1.944961808,7.4675,7.6875,8.9225,1.056666667,1628.88,1628.88,3.242842925,4.038244522,4.388866703,4.388866703,3.078633297,,,,,,,,
1994,6.125,5.335958904,5.9162,5.215958333,6.3,5.354166667,5.479166667,5.502516667,,,7.67,7.803851128,7.625,2.9325,3.277055769,2.058903135,2.058903135,8.165833333,8.1775,9.145,1.0975,1502.42,1502.42,2.893574388,2.593504902,2.988866703,2.988866703,5.17696663,,,,,,,,
1995,6.375,6.568150685,6.2159,6.368425,6.28,6.516666667,6.6875,6.680725,,,7.8325,8.246666667,8.34225,3.355,2.521762228,4.046388457,4.046388457,8.241666667,8.243333333,8.793333333,0.538333333,1783.3,1783.3,2.56700146,2.423073177,3.388866703,3.388866703,4.852799963,,,,,,,,
1996,5.9375,5.883709016,6.1647,5.798441667,6.22,5.866666667,5.958333333,6.025158333,,,6.675,7.185,7.82525,2.391666667,2.183293507,3.70041551,3.70041551,7.8225,8.0325,8.616666667,0.515833333,1976.41,1976.41,2.271344531,2.392787894,3.588866703,3.588866703,4.233633297,,,,,,,,
1997,7.25,6.545034247,7.1058,6.515633333,7.31,6.686666667,6.583333333,6.8284,,,7.18,7.479166667,8.1735,3.059166667,1.492228018,5.052806229,5.052806229,7.05,7.125833333,7.71464816,0.533887534,2388.17,2388.17,2.015753975,2.163686083,3.088866703,3.088866703,3.961133297,,,,,,,,
1998,6.25,7.228082192,5.5552,6.803408333,5.88,7.0625,7.208333333,7.336241667,,,7.7075,8.291666667,8.924275911,3.769166667,1.664132265,5.563949927,5.563949927,5.521666667,5.532583333,6.694651013,0.869011622,2595.88,2595.88,1.810666723,1.806142326,1.588866703,1.588866703,3.932799963,,,,,,,,
1999,5.5,5.345205479,5.6154,5.072208333,5.69,5.213333333,5.333333333,5.448833333,,,6.820833333,6.383191667,7.270833333,2.4575,1.41896287,3.92624261,3.92624261,5.081666667,4.846083333,6.345869408,1.161065547,3146.68,3146.68,1.664562163,1.496495663,1.488866703,1.488866703,3.592799963,,,,,,,,
2000,6,5.964480874,5.6113,5.804166667,5.79,5.960833333,5.979166667,6.106416667,,,7.0925,6.950641667,7.689166667,2.9275,1.450164708,4.514316167,4.514316167,5.310833333,4.912916667,6.905472034,1.515148613,2989.69,2989.69,1.583413019,1.108320792,1.988866703,1.988866703,3.32196663,,,,,,,,
2001,4,5.117808219,3.8333,4.731883333,3.92,4.805833333,5.083333333,4.971741667,,,6.436666667,6.065166667,6.928333333,2.548333333,1.080452685,4.037355534,4.037355534,4.935833333,5.054333333,6.509603865,1.550711023,2507.59,2507.59,1.569846392,1.121434977,1.488866703,1.488866703,3.44696663,,,,,,,,
2002,4,4,3.8427,3.8575,3.9,3.926666667,4,3.993358333,,,5.39,5.049633333,5.870833333,1.7875,1.353974225,2.646025775,2.646025775,4.905,5.04675,6.335908377,1.491908511,1900.53,1900.53,1.618655252,1.158801357,1.288866703,1.288866703,3.616133297,,,,,,,,
2003,3.75,3.693150685,3.739,3.561775,3.93,3.635,3.6875,3.665491667,,,4.96,4.850766667,5.589166667,1.741666667,1.477712487,2.215438198,2.215438198,4.521622479,4.884833333,5.629451189,1.17075916,2168.867574,2168.867574,1.721234106,1.305172618,1.288866703,1.288866703,3.232755776,,,,,,,,
2004,4.75,4.381830601,4.691,4.462625,4.76,4.558333333,4.395833333,4.570316667,,,5.280833333,5.279066667,6.018333333,2.620833333,2.347239688,2.034590913,2.034590913,4.835279658,4.773583333,5.786202083,0.927953134,2372.413597,2372.413597,1.865390909,1.332021911,1.688866703,1.688866703,3.146412955,,,,,,,,
2005,4.5,4.647260274,4.4271,4.5394,4.6,4.673333333,4.645833333,4.696733333,,,5.465,5.303616667,6.151666667,2.980833333,2.144732441,2.502527833,2.502527833,4.369764271,4.43875,5.33977486,0.892431834,2805.810254,2805.810254,2.035321275,1.703847327,1.688866703,1.688866703,2.680897568,,,,,,,,
2006,5,4.639726027,5.108,4.669808333,5.27,4.836666667,4.645833333,4.7982,,,5.354166667,5.319741667,6.215833333,2.770833333,2.3,2.339726027,2.339726027,4.430626508,4.241083333,5.42466549,0.879124529,3189.64431,3189.64431,2.209966906,2.05014397,1.788866703,1.788866703,2.641759805,,,,,,,,
2007,5.5,5.510273973,5.2388,5.522416667,5.99,5.985,5.520833333,5.955666667,,,5.79,6.098775,6.988333333,3.291666667,2.4,3.110273973,3.110273973,4.916544991,4.632083333,6.070957988,1.002559555,3267.132322,3267.132322,2.368516295,2.271423304,1.988866703,1.988866703,2.927678287,,,,,,,,
2008,2,4.671448087,1.242,4.232891667,2.9,5.440833333,4.625,5.489925,,,5.700833333,6.088325,6.690833333,2.939166667,2.8,1.871448087,1.871448087,4.578849764,4.591416667,6.987748157,2.447612484,2128.799894,2128.799894,2.491358265,2.963552747,2.188866703,2.188866703,2.389983061,,,,,,,,
2009,0.5,0.643835616,0.4911,0.530233333,0.53,1.109166667,0.625,1.198841667,,,3.708333333,3.968908333,3.060833333,0.795,1.7,-1.056164384,-1.056164384,3.744213078,4.545,6.131810732,2.757590815,2708.093154,2708.093154,2.558396474,2.62780321,1.888866703,1.888866703,1.855346375,,,,,,,,
2010,0.5,0.5,0.5007,0.497741667,0.74,0.669583333,0.5,0.689958333,,,3.600833333,3.638416667,2.86,0.8125,2.2,-1.7,-1.7,3.746896196,4.638583333,4.763263144,1.523965666,3039.818419,3039.818419,2.560620999,3.01906503,2.088866703,2.088866703,1.658029493,,,,,,,,
2011,0.5,0.5,0.2407,0.480466667,1.02,0.869166667,0.5,0.887625,,,3.433333333,3.31715,2.978333333,0.9475,3,-2.5,-2.5,3.229658211,4.361603444,4.550486684,1.784373188,2814.190267,2814.190267,2.485137953,3.65436221,2.088866703,2.088866703,1.140791507,,,,,,,,
2012,0.5,0.5,0.309,0.319975,0.52,0.765833333,0.5,0.838708333,,,3.375,3.609433333,3.185,1.039166667,2.5,-2,-2,1.959910858,3.770413501,3.771697268,2.005869228,3099.078383,3099.078383,2.326447237,3.412863353,2.088866703,2.088866703,-0.128955845,,,,,,,,
2013,0.5,0.5,0.257,0.313,0.4885,0.46435,0.5,0.493033333,,,3.326666667,3.349508333,3.111666667,0.924166667,2.6,-2.1,-2.1,2.46380727,4.221772015,3.571022257,1.424341466,3514.579829,3514.579829,2.098797375,3.023610699,2.088866703,2.088866703,0.374940567,,,,,,,,
2014,0.5,0.5,0.3884,0.390158333,0.485,0.494116667,0.5,0.539116667,,,3.220833333,2.878375,3.133333333,0.765833333,2.2,-1.7,-1.7,2.615497316,4.066958145,3.555135728,1.196037016,3511.379133,3511.379133,1.821472416,2.065603771,1.888866703,1.888866703,0.726630613,,,,,,,,
2015,0.5,0.5,0.4511,0.450041667,0.525,0.507541667,0.5,0.552541667,,,3.081666667,2.597775,3.135833333,0.765833333,1.6,-1.1,-1.1,1.896425256,2.691225074,3.093538647,1.338061908,3401.179443,3401.179443,1.518368437,0.971318873,1.688866703,1.688866703,0.207558553,,,,,,,,
2016,0.25,0.397540984,0.0106,0.309675,0.3325,0.446116667,,0.491116667,,,2.84,2.328875,3.070833333,0.639166667,1.6,-1.202459016,-1.202459016,1.30305415,1.987649053,2.645,1.4275,3779.29673,3779.29673,1.20976679,0.634069152,1.588866703,1.588866703,-0.285812554,,,,,,,,