"year","war","ccodea","ccodeb","original","contig.x","rivals","allies","democ_a","pow_prev","mil_prev","pow_abs","mil_abs","relpow","rate","powershift","lndistance","contig.y","dem","s_un_glo","peaceyrs","peaceyrs2","peaceyrs3","real"
1822,1,220,230,1,1,0,0,0,0,0,0,0,0.276213049888611,3.7625,-0.0538588613271713,6.48616075515747,1,0,0.82608699798584,0,0,0,6.041092641
1827,1,365,640,1,1,0,0,0,0,0.00469999993219972,0,0.00469999993219972,0.324787676334381,3.585,0.00463423132896423,7.01660966873169,1,0,0.786666989326477,0,0,0,4.559085103
1836,0,211,220,1,1,0,1,0,0,0.0119000002741814,0,0.0119000002741814,0.320868402719498,3.3475,-0.0234915614128113,5.09375,1,0,0.655171990394592,6,36,216,2.761462602
1839,0,325,200,1,0,0,0,0,-0.00149399996735156,-0.00241399998776615,0.00149399996735156,0.00241399998776615,0.0592433847486973,3.29,0.00519025325775146,6.34563636779785,0,0,0.541666984558105,90,8100,729000,2.78280021
1841,0,300,210,1,0,0,0,0,-0.00826700031757355,0,0.00826700031757355,0,0.235678032040596,3.385,-0.00867720693349838,6.36302804946899,0,0,0.235293999314308,193,37249,7189057,3.358534575
1841,0,155,365,1,0,0,0,0,0,0.000209999998332933,0,0.000209999998332933,0.00578041980043054,3.385,0.00189471244812012,9.08125591278076,0,0,0.705882012844086,2,4,8,3.358534575
1842,0,255,327,1,0,0,0,0,0,0.00182000000495464,0,0.00182000000495464,0.0760512799024582,3.2875,-0.00878822803497314,6.5998706817627,0,0,0.371428996324539,141,19881,2803221,3.43475854
1843,1,2,70,1,1,1,0,1,-0.00185000000055879,-0.00437000021338463,0.00185000000055879,0.00437000021338463,0.119396634399891,3.1675,-0.0788470506668091,7.54274368286133,1,0,0.888889014720917,0,0,0,3.363667481
1846,0,640,220,1,0,0,0,0,0,0.00115000002551824,0,0.00115000002551824,0.243582263588905,3.165,0.0205998420715332,7.38832807540894,0,0,0.89189201593399,12,144,1728,3.152164384
1848,1,337,300,0,1,0,0,0,-0.000820000015664846,-0.000369999994290993,0.000820000015664846,0.000369999994290993,0.0215643271803856,3.52,0.000409841537475586,5.96870756149292,0,0,0.384615004062653,200,40000,8e+06,3.515688995
1848,0,235,300,1,0,0,0,0,0,0,0,0,0.120699197053909,3.52,0.0121755599975586,7.26402997970581,0,0,0.179487004876137,85,7225,614125,3.515688995
1848,1,255,390,1,1,0,0,0,0,0.000899999984540045,0,0.000899999984540045,0.094719186425209,3.52,0.0800983756780624,5.39362764358521,0,0,0.384615004062653,127,16129,2048383,3.515688995
1848,1,325,300,1,1,0,0,0,-0.000750000006519258,0,0.000750000006519258,0,0.153839826583862,3.52,0.01352459192276,6.1377272605896,1,0,0.333332985639572,26,676,17576,3.515688995
1848,1,332,300,0,1,0,1,0,-0.00023999999393709,-0.000250000011874363,0.00023999999393709,0.000250000011874363,0.00519417505711317,3.52,0.000875771045684814,5.87493085861206,1,0,0.384615004062653,6,36,216,3.515688995
1849,1,220,327,0,0,0,0,1,-0.00028000000747852,0,0.00028000000747852,0,0.0284405201673508,3.2525,0.0146132726222277,6.53378868103027,0,0,0.897436022758484,38,1444,54872,3.102882755
1849,0,220,210,1,0,0,0,1,0,-0.00596300000324845,0,0.00596300000324845,0.0896202400326729,3.2525,0.0107435062527657,5.58349609375,0,0,0.897436022758484,15,225,3375,3.102882755
1849,1,300,327,1,1,0,0,0,-0.000369999994290993,0,0.000369999994290993,0,0.0592146813869476,3.2525,0.0190820004791021,6.16120719909668,1,0,0.794871985912323,0,0,0,3.102882755
1849,1,329,327,0,1,0,0,0,0,-0.000300000014249235,0,0.000300000014249235,0.31609120965004,3.2525,0.0610532909631729,4.77068471908569,1,0,0.897436022758484,41,1681,68921,3.102882755
1851,1,140,160,1,1,0,0,0,0.0109999999403954,0.0309999994933605,0.0109999999403954,0.0309999994933605,0.320632487535477,3.1125,-0.0418581813573837,7.28756046295166,1,0,0.899999976158142,10,100,1000,2.277156232
1853,1,640,365,1,1,0,0,0,0,0,0,0,0.305617481470108,3.1,0.0131151676177979,7.01660966873169,1,0,0.850000023841858,3,9,27,1.560607815
1853,0,140,365,1,0,0,0,0,0,0,0,0,0.0634673312306404,3.1,0.0299875140190125,8.8467845916748,0,0,0.850000023841858,31,961,29791,1.560607815
1853,1,220,365,0,0,0,0,0,0,0,0,0,0.799270689487457,3.1,0.041252076625824,7.3440728187561,0,0,0.850000023841858,3,9,27,1.560607815
1853,1,200,365,0,0,0,0,0,0,0,0,0,0.676692962646484,3.1,-0.225718021392822,7.34923076629639,0,0,0.783333003520966,3,9,27,1.560607815
1853,0,235,200,1,0,0,0,0,0.00136999995447695,0.00535999983549118,0.00136999995447695,0.00535999983549118,0.0478675812482834,3.1,0.031671404838562,6.8936562538147,0,0,0.983332991600037,21,441,9261,1.560607815
1854,0,200,275,1,0,0,0,0,0,0,0,0,0.00663104932755232,3.2975,NA,5.98141431808472,0,NA,0.349593013525009,206,42436,8741816,1.683871833
1855,1,325,365,0,0,0,0,0,0,0,0,0,0.0926504507660866,3.3525,-0.0055774450302124,7.30988168716431,0,0,0.767441987991333,42,1764,74088,1.860802289
1856,1,200,630,1,0,0,0,0,-0.00023999999393709,-0.0146000003442168,0.00023999999393709,0.0146000003442168,0.0154494466260076,3.23,0.0355636551976204,7.91425228118896,0,0,0.627906978130341,1,1,1,1.982851122
1856,0,616,365,1,0,0,0,0,0.000254999991739169,0,0.000254999991739169,0,0.0194004345685244,3.23,-0.00478416681289673,7.51261758804321,0,NA,0.906976997852325,31,961,29791,1.982851122
1858,0,267,271,1,1,0,1,0,-0.00534400017932057,-0.00913999974727631,0.00534400017932057,0.00913999974727631,0.840851306915283,3.115,0.0278980731964111,3.80666255950928,1,0,1,210,44100,9261000,2.340567731
1859,0,365,235,1,0,0,0,0,-0.00101799995172769,-0.00139800005126745,0.00101799995172769,0.00139800005126745,0.0582945011556149,3.195,0.0209888331592083,7.79523515701294,0,0,0.833333015441895,46,2116,97336,2.52047049
1859,1,220,300,1,0,0,0,0,0.00349000003188848,0.00516000017523766,0.00349000003188848,0.00516000017523766,0.518827557563782,3.195,0.0236424207687378,6.4645881652832,0,0,0.424241989850998,10,100,1000,2.52047049
1859,1,230,600,1,0,0,0,0,0.00118999998085201,0,0.00118999998085201,0,0.0482503846287727,3.195,0.101185828447342,6.159095287323,0,0,0.909090995788574,12,144,1728,2.52047049
1859,1,325,300,1,1,0,0,0,0,0,0,0,0.148906096816063,3.195,-0.143530547618866,6.1377272605896,1,0,0.363635987043381,5,25,125,2.52047049
1860,1,325,327,1,0,0,0,0,0,0,0,0,0.371823638677597,3.2175,0.0496512576937675,5.7868971824646,0,0,0.913043022155762,140,19600,2744000,2.591866926
1860,0,245,255,1,0,0,1,0,-0.00469700014218688,-0.0105900000780821,0.00469700014218688,0.0105900000780821,0.12560898065567,3.2175,-0.0977250933647156,5.74620342254639,1,0,1,9,81,729,2.591866926
1860,1,325,329,1,0,0,0,0,0,0,0,0,0.75458437204361,3.2175,0.038332387804985,6.0935697555542,1,0,0.913043022155762,140,19600,2744000,2.591866926
1861,0,300,230,1,0,0,0,0,0.00167999998666346,0,0.00167999998666346,0,0.349968016147614,3.2875,0.0219785571098328,7.02375888824463,0,0,0.476190000772476,37,1369,50653,2.713032905
1861,1,220,70,1,0,0,0,0,0,0,0,0,0.0487356819212437,3.2875,0.0133570693433285,8.65154933929443,0,0,0.761905014514923,21,441,9261,2.713032905
1863,1,150,140,1,1,0,0,0,0,0,0,0,0.0885533094406128,3.2575,-0.102823138237,6.8134446144104,1,0,0.853658974170685,0,0,0,2.726254446
1863,1,100,130,1,1,0,0,0,0.00595000013709068,0.0326999984681606,0.00595000013709068,0.0326999984681606,0.391611337661743,3.2575,0.368988037109375,6.11368227005005,1,0,0.902438998222351,0,0,0,2.726254446
1863,1,255,390,1,1,0,0,0,-0.00116999994497746,-0.00181000004522502,0.00116999994497746,0.00181000004522502,0.0940033420920372,3.2575,0.0374437347054482,5.39362764358521,0,0,0.414633989334106,13,169,2197,2.726254446
1863,1,300,390,0,0,0,0,0,0,0,0,0,0.0708075538277626,3.2575,0.0224828124046326,6.29156923294067,0,0,0.365853995084763,100,10000,1e+06,2.726254446
1863,0,300,616,1,0,0,0,0,0,0.000866000016685575,0,0.000866000016685575,0.032585971057415,3.2575,NA,6.74288082122803,0,NA,0.365853995084763,38,1444,54872,2.726254446
1864,0,255,135,1,0,0,0,0,0,0.00328999990597367,0,0.00328999990597367,0.0374137163162231,3.3475,-0.0229353979229927,8.83956623077393,0,0,0.414633989334106,25,625,15625,2.775941675
1865,1,230,135,0,0,0,0,0,0,0.00389999989420176,0,0.00389999989420176,0.0767348483204842,3.37,0.0194251835346222,8.68524646759033,0,0,0.804877996444702,0,0,0,2.746827904
1865,1,150,160,0,1,0,0,0,-0.00471000000834465,-0.00742000015452504,0.00471000000834465,0.00742000015452504,0.318025022745132,3.37,-0.0459365695714951,6.47234630584717,1,0,0.853658974170685,13,169,2197,2.746827904
1865,0,325,616,1,0,0,0,0,-0.00790499988943338,-0.00507500022649765,0.00790499988943338,0.00507500022649765,0.162910982966423,3.37,NA,6.37502479553223,0,NA,0.869919002056122,40,1600,64000,2.746827904
1865,1,230,155,1,0,0,0,0,0.00267999991774559,0,0.00267999991774559,0,0.0526132583618164,3.37,0.0419175773859024,8.80327415466309,0,0,0.853658974170685,0,0,0,2.746827904
1866,1,280,275,0,0,0,1,0,0.00466000009328127,0.0102000003680587,0.00466000009328127,0.0102000003680587,0.436291992664337,3.43,NA,5.7397928237915,0,NA,1,23,529,12167,2.793269304
1866,1,255,269,0,1,0,1,0,0.00249999994412065,-0.00135000003501773,0.00249999994412065,0.00135000003501773,0.130694404244423,3.43,0.0315196365118027,4.63472890853882,1,0,0.951219022274017,1,1,1,2.793269304
1866,1,280,267,0,0,0,1,0,0,0,0,0,0.344811290502548,3.43,0.133402049541473,5.98645210266113,0,NA,1,23,529,12167,2.793269304
1866,1,255,273,0,0,0,1,0,-0.000650000001769513,-0.000730000028852373,0.000650000001769513,0.000730000028852373,0.0213321428745985,3.43,NA,5.22574663162231,1,NA,0.951219022274017,15,225,3375,2.793269304
1866,1,325,300,0,1,0,0,0,-0.0204499997198582,-0.0244999993592501,0.0204499997198582,0.0244999993592501,0.362998753786087,3.43,0.0786017179489136,6.1377272605896,1,0,0.447153985500336,6,36,216,2.793269304
1866,1,280,240,0,1,0,1,0,0.00412999978289008,0.00255000009201467,0.00412999978289008,0.00255000009201467,0.182976201176643,3.43,NA,5.03043794631958,1,NA,1,23,529,12167,2.793269304
1866,1,280,269,0,1,0,1,0,0.00575000001117587,0.00249000010080636,0.00575000001117587,0.00249000010080636,0.0873998254537582,3.43,0.0858098864555359,5.39362764358521,0,NA,1,23,529,12167,2.793269304
1866,1,255,267,0,0,0,1,0,-0.000969999993685633,-0.00158999999985099,0.000969999993685633,0.00158999999985099,0.0288949925452471,3.43,0.0144278071820736,5.82600021362305,1,0,0.951219022274017,165,27225,4492125,2.793269304
1866,1,255,245,0,0,0,1,0,0,0,0,0,0.139031052589417,3.43,0.00927217304706573,5.74620342254639,1,0,0.951219022274017,15,225,3375,2.793269304
1866,1,255,271,0,0,0,1,0,-0.000720000010915101,0,0.000720000010915101,0,0.0318643450737,3.43,0.00660734251141548,5.75890159606934,1,0,0.951219022274017,15,225,3375,2.793269304
1866,1,280,271,0,0,0,1,0,0.00212999992072582,0.00547000020742416,0.00212999992072582,0.00547000020742416,0.304896265268326,3.43,0.0793196558952332,5.96100521087646,0,NA,1,23,529,12167,2.793269304
1866,1,280,273,0,0,0,1,0,0,0.00267999991774559,0,0.00267999991774559,0.462797850370407,3.43,NA,5.39816284179688,0,NA,1,23,529,12167,2.793269304
1866,1,255,275,0,0,0,1,0,-0.000322000007145107,0.000449999992270023,0.000322000007145107,0.000449999992270023,0.0223198812454939,3.43,NA,5.5683445930481,1,NA,0.951219022274017,165,27225,4492125,2.793269304
1866,1,255,240,0,1,0,1,0,0,-0.00104000000283122,0,0.00104000000283122,0.0534385405480862,3.43,NA,5.03695249557495,1,NA,0.951219022274017,1,1,1,2.793269304
1866,1,255,300,1,1,0,1,0,-0.00725999986752868,-0.00855999998748302,0.00725999986752868,0.00855999998748302,0.752490162849426,3.43,-0.0142702460289001,5.7868971824646,1,0,0.853658974170685,0,0,0,2.793269304
1866,1,280,245,0,0,0,1,0,0.00219999998807907,0,0.00219999998807907,0,0.0759843736886978,3.43,0.0234206318855286,6.02102327346802,0,NA,1,23,529,12167,2.793269304
1866,1,280,300,0,0,0,1,0,0,0,0,0,0.00760403461754322,3.43,0.00197207927703857,6.10031890869141,0,NA,0.902438998222351,23,529,12167,2.793269304
1870,1,245,255,0,0,0,1,0,0.00430000014603138,0.00848999992012978,0.00430000014603138,0.00848999992012978,0.127341121435165,3.27,-0.00491851568222046,5.74620342254639,1,0,0.837837994098663,3,9,27,3.071919949
1870,1,267,255,0,0,0,1,0,0.00120000005699694,0.00248000002466142,0.00120000005699694,0.00248000002466142,0.0256199352443218,3.27,NA,5.82600021362305,1,0,0.837837994098663,3,9,27,3.071919949
1870,1,271,255,0,0,0,1,0,0.00101999996695668,0.00104999996256083,0.00101999996695668,0.00104999996256083,0.0282020587474108,3.27,NA,5.75890159606934,1,0,0.837837994098663,3,9,27,3.071919949
1870,1,220,255,1,1,1,0,0,0.00836999993771315,0.00917000044137239,0.00836999993771315,0.00917000044137239,0.472839593887329,3.27,-0.0710685551166534,6.30078601837158,1,0,0.639639973640442,3,9,27,3.071919949
1874,0,300,145,1,0,0,0,0,0,0,0,0,0.00904460716992617,3.2625,0.00653653685003519,8.82790756225586,0,0,0.656566023826599,26,676,17576,3.763807703
1874,0,220,600,1,0,0,0,0,0.000192000006791204,0,0.000192000006791204,0,0.012220686301589,3.2625,0.000368052162230015,7.02908754348755,0,0,0.757575988769531,27,729,19683,3.763807703
1875,0,630,640,1,1,0,0,0,-0.00272200000472367,0,0.00272200000472367,0,0.166754320263863,3.215,-0.299340486526489,6.9603476524353,1,0,0.882353007793427,20,400,8000,3.920052032
1875,0,255,2,1,0,0,0,0,-0.0110200000926852,-0.0173300001770258,0.0110200000926852,0.0173300001770258,0.630884408950806,3.215,0.0946985185146332,8.33615112304688,0,0,0.84313702583313,99,9801,970299,3.920052032
1876,1,365,640,1,1,1,0,0,0,0,0,0,0.265646457672119,3.175,-0.113761976361275,7.01660966873169,1,0,0.847618997097015,19,361,6859,4.054776608
1876,1,90,92,1,1,0,0,0,0.175999999046326,0.372999995946884,0.175999999046326,0.372999995946884,0.703796982765198,3.175,-0.0823116302490234,4.6913480758667,1,0,0.885713994503021,1,1,1,4.054776608
1878,0,651,200,1,0,0,0,0,0,0,0,0,0.0211406871676445,3.17,0.00468504428863525,7.68845558166504,0,NA,0.765766024589539,23,529,12167,4.328209377
1879,0,255,740,1,0,0,0,0,-0.00874799955636263,0.00473000016063452,0.00874799955636263,0.00473000016063452,0.28706094622612,3.09,0.00953228771686554,8.62119293212891,0,0,0.837837994098663,19,361,6859,4.323255563
1879,1,155,145,1,1,0,0,0,0.00152000004891306,0,0.00152000004891306,0,0.243974268436432,3.09,-0.0596002340316772,7.07580900192261,1,0,0.837837994098663,0,0,0,4.323255563
1879,1,155,135,0,1,0,0,0,-0.00769100012257695,-0.0218700002878904,0.00769100012257695,0.0218700002878904,0.704132914543152,3.09,0.0730143189430237,7.33563375473022,0,0,0.837837994098663,6,36,216,4.323255563
1881,0,230,220,1,1,0,0,0,-0.00109200004953891,-0.00222999998368323,0.00109200004953891,0.00222999998368323,0.187941327691078,2.925,0.00265997648239136,6.48616075515747,1,0,0.89189201593399,57,3249,185193,4.212530236
1882,1,200,651,1,0,0,0,1,0,0,0,0,0.0210257656872272,2.94,NA,7.68845558166504,0,NA,0.819819986820221,27,729,19683,4.241818348
1882,0,300,600,1,0,0,0,0,-0.000118999996630009,-0.000193900006706826,0.000118999996630009,0.000193900006706826,0.0303380936384201,2.94,0.00166981853544712,7.34213161468506,0,0,0.711712002754211,35,1225,42875,4.241818348
1883,1,220,710,1,0,1,0,1,0,0,0,0,0.944630920886993,2.85,0.0196593999862671,8.53875923156738,0,0,0.888889014720917,0,0,0,4.161277404
1885,0,300,90,1,0,0,0,0,0,0,0,0,0.00664849486202002,2.8625,-0.00883739814162254,8.73536396026611,0,0,0.648148000240326,17,289,4913,4.106203827
1885,1,90,92,1,1,0,0,0,0.017000000923872,0.0359999984502792,0.017000000923872,0.0359999984502792,0.673248291015625,2.8625,-0.395928204059601,4.6913480758667,1,0,0.888889014720917,8,64,512,4.106203827
1887,0,145,160,1,1,0,0,0,0.00307000009343028,0,0.00307000009343028,0,0.173983260989189,2.75,-0.0021512508392334,7.23128700256348,1,0,0.894737005233765,20,400,8000,3.746625632
1888,0,200,630,1,0,0,0,1,0.00170000002253801,0.00671999994665384,0.00170000002253801,0.00671999994665384,0.0268972180783749,2.6425,-0.0147040486335754,7.91425228118896,0,0,0.789474010467529,30,900,27000,3.485260503
1888,0,200,130,1,0,0,0,1,8.52000011946075e-05,0.000323999993270263,8.52000011946075e-05,0.000323999993270263,0.00166860269382596,2.6425,-0.00419034156948328,8.65486621856689,0,0,0.789474010467529,34,1156,39304,3.485260503
1889,0,160,255,1,0,0,0,0,-0.000794299994595349,-0.00174400000832975,0.000794299994595349,0.00174400000832975,0.0269775129854679,2.645,0.00207227468490601,8.9112606048584,0,0,0.701753973960876,48,2304,110592,3.339169134
1889,0,365,100,1,0,0,0,0,0,0,0,0,0.00847747456282377,2.645,-0.00128685124218464,8.82261657714844,0,0,0.859649002552032,58,3364,195112,3.339169134
1890,0,300,70,1,0,0,0,0,0,0,0,0,0.127310112118721,2.6875,-0.0352011993527412,8.7503662109375,0,0,0.649123013019562,59,3481,205379,3.258994024
1890,0,145,220,1,0,0,0,0,0,0.000195999993593432,0,0.000195999993593432,0.00431693345308304,2.6875,3.99351119995117e-05,8.73825454711914,0,0,0.894737005233765,42,1764,74088,3.258994024
1891,0,380,220,1,0,0,0,0,-0.000490200007334352,0,0.000490200007334352,0,0.103529289364815,2.7025,0.00209909677505493,6.86693334579468,0,0,0.859649002552032,77,5929,456533,3.185657648
1893,0,145,200,1,0,0,0,0,0,0.000353999988874421,0,0.000353999988874421,0.00213906820863485,2.62,0.00222229957580566,8.73552513122559,0,0,0.789474010467529,45,2025,91125,2.974808828
1893,0,325,155,1,0,0,0,0,0,0,0,0,0.0641096159815788,2.62,0.00578741915524006,8.91018104553223,0,0,0.684211015701294,9,81,729,2.974808828
1893,1,220,800,1,0,0,0,1,0,-0.000869999988935888,0,0.000869999988935888,0.0207150839269161,2.62,-0.00530021404847503,8.6784610748291,0,0,0.842104971408844,6,36,216,2.974808828
1894,1,740,710,1,0,1,0,0,-0.000863099994603544,-0.00564099987968802,0.000863099994603544,0.00564099987968802,0.199435487389565,2.54,-0.0277332067489624,7.17472410202026,0,0,0.846153974533081,8,64,512,2.813076551
1894,0,200,360,1,0,0,0,1,0.000670999987050891,0.0016499999910593,0.000670999987050891,0.0016499999910593,0.0220487527549267,2.54,-0.0020025372505188,7.17011976242065,0,0,0.709402024745941,16,256,4096,2.813076551
1894,0,380,365,1,0,0,0,0,0,-0.000606700021307915,0,0.000606700021307915,0.105436354875565,2.54,0.0027165412902832,6.63856792449951,1,0,0.829060018062592,84,7056,592704,2.813076551
1895,0,92,255,1,0,0,0,0,-7.3859999247361e-05,-0.000221700000111014,7.3859999247361e-05,0.000221700000111014,0.00252718827687204,2.4075,-0.0020948052406311,8.69784641265869,0,0,0.743589997291565,20,400,8000,2.567949327
1896,0,740,230,1,0,0,0,0,-0.00387099990621209,-0.0183499995619059,0.00387099990621209,0.0183499995619059,0.911505103111267,2.3025,-0.0642595589160919,8.80926513671875,0,0,0.897436022758484,36,1296,46656,2.32857918
1896,0,230,365,1,0,0,0,0,0,0,0,0,0.203198418021202,2.3025,0.0100456476211548,7.66856098175049,0,0,0.794871985912323,72,5184,373248,2.32857918
1896,0,365,150,1,0,0,0,0,2.04999996640254e-05,3.40000005962793e-05,2.04999996640254e-05,3.40000005962793e-05,0.00118902290705591,2.3025,0.0141158495098352,8.96877861022949,0,0,0.794871985912323,20,400,8000,2.32857918
1896,1,350,640,1,1,1,0,1,0,0,0,0,0.126197203993797,2.3025,0.00639688968658447,6.2324481010437,1,0,0.897436022758484,7,49,343,2.32857918
1897,0,130,300,1,0,0,0,0,0,0,0,0,0.00863260589540005,2.265,0.00260752439498901,8.77307510375977,0,0,0.726495981216431,43,1849,79507,2.160703635
1897,0,225,220,1,1,0,0,1,-0.000727900012861937,-0.000337400007992983,0.000727900012861937,0.000337400007992983,0.0198880843818188,2.265,0.000616192817687988,5.61312818527222,1,1,0.846153974533081,99,9801,970299,2.160703635
1898,1,2,230,1,0,0,0,1,-0.00366899999789894,-0.0125200003385544,0.00366899999789894,0.0125200003385544,0.139033511281013,2.2875,0.0860848426818848,8.23932933807373,0,0,0.899999976158142,1,1,1,2.086221096
1899,0,130,740,1,0,0,0,0,0,0,0,0,0.0184597447514534,2.38,0.00117295980453491,9.10242080688477,0,0,0.902438998222351,39,1521,59319,2.112426261
1899,0,160,150,1,1,0,0,0,0,0,0,0,0.0326003395020962,2.38,0.259762346744537,6.47234630584717,1,0,0.902438998222351,23,529,12167,2.112426261
1899,0,225,255,1,1,0,0,1,-0.000224799994612113,0,0.000224799994612113,0,0.0167132038623095,2.38,0.00183141231536865,6.1506028175354,1,0,0.756097972393036,41,1681,68921,2.112426261
1900,1,740,710,1,0,1,0,0,-0.00343400007113814,-0.0102800000458956,0.00343400007113814,0.0102800000458956,0.222414255142212,2.545,0.0311596393585205,7.17472410202026,0,0,0.857142984867096,4,16,64,2.247259952
1900,1,365,710,1,1,1,1,0,-0.00286999996751547,0,0.00286999996751547,0,0.929610848426819,2.545,0.0260925590991974,8.18896675109863,1,0,0.952381014823914,1,1,1,2.247259952
1900,1,2,710,1,0,0,0,1,-0.00576800014823675,-0.00951199978590012,0.00576800014823675,0.00951199978590012,0.674063980579376,2.545,0.0538052320480347,8.84361553192139,0,0,0.857142984867096,29,841,24389,2.247259952
1900,1,220,710,1,0,1,0,1,0.0031300000846386,0.00338999996893108,0.0031300000846386,0.00338999996893108,0.899228274822235,2.545,0.0270554721355438,8.53875923156738,0,0,0.904762029647827,1,1,1,2.247259952
1900,0,200,150,1,0,0,0,1,3.38999998348299e-05,7.55000000935979e-05,3.38999998348299e-05,7.55000000935979e-05,0.000730414350982755,2.545,0.00867187045514584,8.75636768341064,0,0,0.84127002954483,24,576,13824,2.247259952
1900,1,365,710,1,1,1,1,0,-0.00286999996751547,0,0.00286999996751547,0,0.929610848426819,2.545,0.0260925590991974,8.18896675109863,1,0,0.952381014823914,1,1,1,2.247259952
1900,1,200,710,1,0,0,0,1,0.00258000008761883,-0.00455900002270937,0.00258000008761883,0.00455900002270937,0.573590576648712,2.545,0.0234127342700958,8.52931976318359,0,0,0.793650984764099,1,1,1,2.247259952
1901,0,165,255,1,0,0,0,0,0,0.00032299998565577,0,0.00032299998565577,0.00927083287388086,2.69,-0.000362515449523926,8.90191078186035,0,0,0.756097972393036,19,361,6859,2.388620395
1903,0,200,2,1,0,0,0,1,0.00882000010460615,0.00561999995261431,0.00882000010460615,0.00561999995261431,0.849709153175354,2.785,0.0543813705444336,8.20740222930908,0,1,0.793650984764099,0,0,0,2.450974506
1903,0,200,225,1,0,0,0,1,0.000303999986499548,-0.000600999977905303,0.000303999986499548,0.000600999977905303,0.012265901081264,2.785,0.002171715721488,6.1441855430603,0,1,0.793650984764099,255,65025,16581375,2.450974506
1903,1,740,365,1,1,1,1,0,-0.00193899997975677,-0.00688799982890487,0.00193899997975677,0.00688799982890487,0.238131567835808,2.785,-0.182087659835815,8.44548225402832,0,0,0.81395298242569,2,4,8,2.450974506
1903,0,640,360,1,0,0,0,0,0,0,0,0,0.244259044528008,2.785,0.0180420726537704,6.1441855430603,1,0,0.761905014514923,25,625,15625,2.450974506
1904,0,90,220,1,0,0,0,0,-0.000280300009762868,-0.000495799991767853,0.000280300009762868,0.000495799991767853,0.00537669798359275,2.86,0.00298523902893066,8.62927150726318,0,0,0.857142984867096,36,1296,46656,2.440323944
1905,0,300,160,1,0,0,0,0,0.00193000002764165,0.00188999995589256,0.00193000002764165,0.00188999995589256,0.0929923132061958,2.81,-0.0168616995215416,8.90299987792969,0,0,0.767441987991333,64,4096,262144,2.221918134
1905,0,235,325,1,0,0,0,0,-0.000745599973015487,-0.00096600002143532,0.000745599973015487,0.00096600002143532,0.136182308197021,2.81,-0.0345078706741333,7.05444955825806,0,0,0.689921975135803,98,9604,941192,2.221918134
1906,1,90,91,0,1,0,0,0,0.00925999972969294,-0.0111999996006489,0.00925999972969294,0.0111999996006489,0.254989951848984,2.855,-0.158116146922112,5.41164588928223,1,0,0.904762029647827,7,49,343,1.99268544
1906,1,90,92,1,1,0,0,0,-0.00955600012093782,-0.0145500004291534,0.00955600012093782,0.0145500004291534,0.634688496589661,2.855,-0.176590457558632,4.6913480758667,1,0,0.904762029647827,15,225,3375,1.99268544
1907,0,300,630,1,0,0,0,0,-0.00193100003525615,-0.00432199984788895,0.00193100003525615,0.00432199984788895,0.0819673612713814,2.9975,-0.00089670717716217,7.5908522605896,0,0,0.756097972393036,52,2704,140608,1.725523379
1907,0,300,255,1,1,0,1,0,0.00249999994412065,0.000919000012800097,0.00249999994412065,0.000919000012800097,0.368833869695663,2.9975,-0.0109022259712219,5.7868971824646,1,0,1,40,1600,64000,1.725523379
1907,1,93,92,0,0,0,0,0,0,0,0,0,0.560568630695343,2.9975,-0.126839399337769,5.41610050201416,0,0,0.967480003833771,7,49,343,1.725523379
1907,1,93,91,1,1,1,0,0,0,0,0,0,0.823425531387329,2.9975,NA,5.00394630432129,1,NA,0.967480003833771,7,49,343,1.725523379
1908,0,220,100,1,0,0,0,1,0.000583000015467405,0.000645000021904707,0.000583000015467405,0.000645000021904707,0.0163447875529528,2.9225,0.00310490000993013,8.58821105957031,0,0,0.84127002954483,74,5476,405224,1.100987611
1909,0,220,350,1,0,0,0,1,0.000155000001541339,0,0.000155000001541339,0,0.0256672725081444,3.0175,-0.00297685526311398,7.17395830154419,0,1,0.844960987567902,11,121,1331,0.482386065
1909,1,230,600,1,0,0,0,1,0.000829999975394458,0,0.000829999975394458,0,0.0777847096323967,3.0175,-0.0285919234156609,6.159095287323,0,0,0.875968992710114,0,0,0,0.482386065
1909,0,355,220,1,0,0,0,0,-0.00255300011485815,-0.00243699993006885,0.00255300011485815,0.00243699993006885,0.0387286022305489,3.0175,0.00461494922637939,6.99759578704834,0,0,0.798449993133545,1,1,1,0.482386065
1910,0,325,740,1,0,0,1,0,0.0111999996006489,0.0189999993890524,0.0111999996006489,0.0189999993890524,0.797910332679749,3.12,-0.056675523519516,8.72111320495605,0,0,0.674418985843658,50,2500,125000,-0.290099041
1910,0,385,380,1,1,0,0,1,-0.00731599982827902,0,0.00731599982827902,0,0.411856532096863,3.12,-0.00758886337280273,5.55295944213867,1,0,0.891472995281219,5,25,125,-0.290099041
1911,0,220,230,1,1,0,1,1,0,0,0,0,0.201701492071152,3.185,0.000800669193267822,6.48616075515747,1,1,0.906976997852325,2,4,8,-1.254440182
1911,0,365,345,1,0,0,0,0,0.000109000000520609,0,0.000109000000520609,0,0.012908480130136,3.185,-0.00314249843358994,6.97073030471802,0,0,0.833333015441895,33,1089,35937,-1.254440182
1911,1,325,640,1,0,1,0,0,-0.00193200004287064,0,0.00193200004287064,0,0.577001452445984,3.185,-0.067538321018219,6.97634792327881,0,0,0.736433982849121,0,0,0,-1.254440182
1912,1,350,640,0,1,1,0,1,-0.000833300000522286,0,0.000833300000522286,0,0.118567578494549,3.32,-0.269503951072693,6.2324481010437,1,0,0.857142984867096,2,4,8,-2.281045512
1912,1,355,640,1,1,0,0,0,0,0,0,0,0.172169864177704,3.32,-0.407149851322174,6.27476215362549,1,0,0.80952399969101,2,4,8,-2.281045512
1912,1,345,640,0,1,0,0,0,-0.00244099996052682,-0.00219299993477762,0.00244099996052682,0.00219299993477762,0.0891802981495857,3.32,0.0115910172462463,6.57507562637329,1,0,0.857142984867096,34,1156,39304,-2.281045512
1913,0,91,255,1,0,0,0,0,-1.56400001287693e-05,-3.28599999193102e-05,1.56400001287693e-05,3.28599999193102e-05,0.00105904485099018,3.4275,0.000182926654815674,8.68067169189453,0,0,0.666666984558105,14,196,2744,-3.39329378
1913,1,640,355,0,1,0,0,0,0.0489999987185001,0.0555999986827374,0.0489999987185001,0.0555999986827374,0.292635560035706,3.4275,NA,6.27476215362549,1,NA,0.80952399969101,0,0,0,-3.39329378
1913,1,360,355,0,1,0,0,0,0.0577000007033348,0.0595000013709068,0.0577000007033348,0.0595000013709068,0.511423647403717,3.4275,NA,5.22035598754883,1,NA,0.666666984558105,5,25,125,-3.39329378
1913,1,355,350,1,1,1,1,0,-0.0125700002536178,0,0.0125700002536178,0,0.661448121070862,3.4275,0.48311710357666,5.7868971824646,1,NA,1,5,25,125,-3.39329378
1913,0,300,93,1,0,0,0,0,0,0,0,0,0.00378291681408882,3.4275,-0.00583645328879356,8.72680568695068,0,0,0.666666984558105,13,169,2197,-3.39329378
1913,1,355,345,1,1,1,1,0,-0.0403500013053417,-0.0426700003445148,0.0403500013053417,0.0426700003445148,0.54921543598175,3.4275,0.272646546363831,5.32300996780396,1,NA,1,5,25,125,-3.39329378
1913,0,220,800,1,0,0,0,1,0.00153000000864267,0.00190999999176711,0.00153000000864267,0.00190999999176711,0.0330432988703251,3.4275,-0.00900440104305744,8.6784610748291,0,0,0.84127002954483,19,361,6859,-3.39329378
1914,1,220,300,0,0,0,0,1,0.00307999993674457,0.00362000009045005,0.00307999993674457,0.00362000009045005,0.623287856578827,3.4825,-0.0664226114749908,6.4645881652832,0,0,0.720929980278015,25,625,15625,-4.522587447
1914,1,200,640,0,0,1,0,1,0.000954999995883554,0,0.000954999995883554,0,0.121127799153328,3.4825,-0.0300510227680206,7.47420501708984,0,0,0.689921975135803,7,49,343,-4.522587447
1914,1,255,365,0,1,0,0,0,0,0,0,0,0.84823876619339,3.4825,0.00530979037284851,6.90975332260132,1,0,0.727272987365723,63,3969,250047,-4.522587447
1914,1,200,300,0,0,0,0,1,0.00514000002294779,0.00359000009484589,0.00514000002294779,0.00359000009484589,0.341875672340393,3.4825,-0.0686066150665283,6.64118194580078,0,0,0.596898972988129,49,2401,117649,-4.522587447
1914,1,365,640,0,1,1,0,0,-0.00266600004397333,-0.00308900000527501,0.00266600004397333,0.00308900000527501,0.145453274250031,3.4825,-0.0403811186552048,7.01660966873169,1,0,0.696969985961914,0,0,0,-4.522587447
1914,1,255,211,0,1,1,0,0,-0.00114499998744577,-0.00112999998964369,0.00114499998744577,0.00112999998964369,0.112334251403809,3.4825,NA,6.00388717651367,1,NA,0.720929980278015,80,6400,512000,-4.522587447
1914,1,200,255,0,0,1,0,1,0.00822999980300665,0.00412000017240644,0.00822999980300665,0.00412000017240644,0.834697008132935,3.4825,-0.0740348994731903,6.35957384109497,0,0,0.596898972988129,2,4,8,-4.522587447
1914,1,220,640,0,0,1,0,1,0,0,0,0,0.22157284617424,3.4825,-0.0299538969993591,7.38832807540894,0,0,0.751937985420227,8,64,512,-4.522587447
1914,1,255,220,0,1,1,0,0,-0.0044379997998476,-0.00379700004123151,0.0044379997998476,0.00379700004123151,0.567607939243317,3.4825,-0.00582322478294373,6.30078601837158,1,0,0.720929980278015,2,4,8,-4.522587447
1914,1,255,345,0,0,0,0,0,0.000127000006614253,0,0.000127000006614253,0,0.011793022044003,3.4825,-0.00673458632081747,6.4329400062561,0,0,0.674418985843658,36,1296,46656,-4.522587447
1914,1,211,300,0,0,0,0,1,0.00107999995816499,0.00202000001445413,0.00107999995816499,0.00202000001445413,0.32161071896553,3.4825,0.0401582717895508,6.34212160110474,0,NA,0.720929980278015,84,7056,592704,-4.522587447
1914,1,300,345,1,1,0,0,0,0.000540999986696988,0,0.000540999986696988,0,0.0338532365858555,3.4825,-0.00673630647361279,5.72358512878418,1,0,0.674418985843658,0,0,0,-4.522587447
1914,1,300,365,0,1,0,0,0,0,0,0,0,0.406056225299835,3.4825,0.045732319355011,6.94697618484497,1,0,0.727272987365723,1,1,1,-4.522587447
1915,1,325,355,0,0,0,0,0,0,0,0,0,0.13058702647686,3.86,0.0940361171960831,6.32076835632324,0,0,0.720929980278015,7,49,343,-5.137687704
1915,1,325,300,0,1,0,1,0,0,0,0,0,0.64474630355835,3.86,-0.0172085762023926,6.16120719909668,1,0,0.860464990139008,0,0,0,-5.137687704
1915,1,255,325,0,0,1,1,0,0,0,0,0,0.224455639719963,3.86,-0.0058610737323761,6.5998706817627,0,0,0.81395298242569,0,0,0,-5.137687704
1915,1,355,345,0,1,1,0,0,0,0,0,0,0.606479406356812,3.86,NA,5.32300996780396,1,NA,0.720929980278015,0,0,0,-5.137687704
1915,1,325,640,0,0,1,0,0,-0.00601299991831183,-0.00649699987843633,0.00601299991831183,0.00649699987843633,0.539702773094177,3.86,0.0353536903858185,6.97634792327881,0,0,0.674418985843658,3,9,27,-5.137687704
1915,1,355,365,0,0,0,0,0,0,0,0,0,0.0355891175568104,3.86,-0.0591951012611389,7.00850534439087,0,0,0.57575798034668,1,1,1,-5.137687704
1916,1,300,360,0,1,0,1,0,0,-0.00191899994388223,0,0.00191899994388223,0.100540369749069,4.3175,NA,6.28039598464966,1,NA,0.80952399969101,32,1024,32768,-5.264389867
1916,1,235,255,0,0,0,0,1,0.000696000002790242,0.00156999996397644,0.000696000002790242,0.00156999996397644,0.0282715447247028,4.3175,0.000178217887878418,7.27031278610229,0,0,0.666666984558105,0,0,0,-5.264389867
1916,1,355,360,0,1,0,0,0,0,0,0,0,0.503981053829193,4.3175,NA,5.22035598754883,1,NA,0.714286029338837,2,4,8,-5.264389867
1916,1,255,360,0,0,0,1,0,0,-0.000970599998254329,0,0.000970599998254329,0.0345036387443542,4.3175,NA,6.69208383560181,0,NA,0.761905014514923,1,1,1,-5.264389867
1916,1,235,300,0,0,0,0,1,0.00153000000864267,0.00307999993674457,0.00153000000864267,0.00307999993674457,0.0824735760688782,4.3175,0.00395691394805908,7.26402997970581,0,0,0.714286029338837,153,23409,3581577,-5.264389867
1916,1,360,640,0,0,0,0,0,-0.00815199967473745,-0.0154400002211332,0.00815199967473745,0.0154400002211332,0.335245817899704,4.3175,NA,6.1441855430603,0,NA,0.666666984558105,1,1,1,-5.264389867
1917,1,2,255,0,0,0,0,1,0,0.016499999910593,0,0.016499999910593,0.646675288677216,4.5825,-0.34299224615097,8.33615112304688,0,0,0.761905014514923,0,0,0,-5.001115709
1917,0,230,235,1,1,0,0,1,0,0,0,0,0.267816781997681,4.5825,0.0423312783241272,5.74620342254639,1,1,0.857142984867096,75,5625,421875,-5.001115709
1917,0,145,135,1,0,0,0,0,0,-0.00829599983990192,0,0.00829599983990192,0.365539729595184,4.5825,0.258044362068176,6.50876903533936,1,0,0.904762029647827,5,25,125,-5.001115709
1917,1,350,640,0,1,1,0,0,-0.00813599955290556,-0.0259300004690886,0.00813599955290556,0.0259300004690886,0.173917725682259,4.5825,NA,6.2324481010437,0,NA,0.761905014514923,0,0,0,-5.001115709
1917,1,300,350,0,0,0,0,0,0,0,0,0,0.0480444617569447,4.5825,NA,6.6821084022522,0,NA,0.761905014514923,19,361,6859,-5.001115709
1917,1,2,300,0,0,0,0,1,0,0.0209999997168779,0,0.0209999997168779,0.219838514924049,4.5825,-0.437953948974609,8.39570331573486,0,0,0.80952399969101,63,3969,250047,-5.001115709
1917,1,355,350,0,1,0,0,0,0,0,0,0,0.65978068113327,4.5825,NA,5.7868971824646,1,NA,0.714286029338837,0,0,0,-5.001115709
1918,0,300,235,1,0,0,0,0,-0.00141599995549768,-0.00393899995833635,0.00141599995549768,0.00393899995833635,0.0820102766156197,4.4275,NA,7.26402997970581,0,0,0.791666984558105,0,0,0,-4.482478103
1919,1,365,290,1,1,0,0,0,NA,NA,NA,NA,0.264973640441895,4.64,NA,6.57228231430054,1,0,0.918367028236389,1,1,1,-2.991256266
1919,1,220,640,1,0,1,0,1,-0.00658199982717633,-0.0108700003474951,0.00658199982717633,0.0108700003474951,0.18204440176487,4.64,NA,7.38832807540894,0,NA,0.916666984558105,0,0,0,-2.991256266
1919,1,350,640,1,1,1,0,0,-0.0109999999403954,-0.0245600007474422,0.0109999999403954,0.0245600007474422,0.206649228930473,4.64,NA,6.2324481010437,1,NA,0.916666984558105,0,0,0,-2.991256266
1919,1,360,310,0,1,0,0,0,NA,NA,NA,NA,0.4869045317173,4.64,NA,5.98645210266113,1,0,0.916666984558105,1,1,1,-2.991256266
1919,1,315,310,0,1,0,0,1,NA,NA,NA,NA,0.32050758600235,4.64,NA,5.62040090560913,1,0,0.916666984558105,1,1,1,-2.991256266
1920,1,290,368,1,1,0,0,1,-0.0181799996644258,-0.0971399992704391,0.0181799996644258,0.0971399992704391,0.0539771839976311,5.365,0.140416741371155,5.5012583732605,1,0,0.931034982204437,0,0,0,-0.564284633
1920,0,94,740,1,0,0,0,1,0,-0.000208299999940209,0,0.000208299999940209,0.0027042159345001,5.365,0.000152170658111572,9.01103496551514,0,0,0.89655202627182,0,0,0,-0.564284633
1921,0,740,70,1,0,0,0,0,0.00150999997276813,0.00592999998480082,0.00150999997276813,0.00592999998480082,0.148095443844795,5.1975,-0.0320173352956772,8.8577995300293,0,0,0.875706017017365,61,3721,226981,1.163219922
1923,0,2,150,1,0,0,0,1,-1.75700006366242e-05,-0.00013780000153929,1.75700006366242e-05,0.00013780000153929,0.000697432376910001,4.295,0.00957906246185303,8.43641662597656,0,0,0.899999976158142,47,2209,103823,3.50237033
1925,0,220,225,1,1,0,0,1,0.000465999997686595,0,0.000465999997686595,0,0.0365328602492809,4.44,0.00111907534301281,5.61312818527222,1,1,0.715847015380859,127,16129,2048383,5.626094078
1925,0,42,41,1,1,0,0,0,0.00800000037997961,0,0.00800000037997961,0,0.201395377516747,4.44,NA,NA,NA,NA,NA,NA,NA,NA,5.626094078
1926,0,325,135,1,0,0,0,0,0.00039999998989515,0.000674000009894371,0.00039999998989515,0.000674000009894371,0.0378845445811749,4.5275,0.0160578973591328,8.81803798675537,0,0,0.731182992458344,87,7569,658503,6.312803791
1926,0,255,385,1,0,0,0,1,0.000434999994467944,0,0.000434999994467944,0,0.0202121511101723,4.5275,0.0044504776597023,6.25766754150391,0,1,0.806451976299286,7,49,343,6.312803791
1927,0,740,530,1,0,0,0,0,-0.00339199998416007,-0.00688700005412102,0.00339199998416007,0.00688700005412102,0.111034162342548,4.5575,0.00351083278656006,8.78032684326172,0,0,0.883598029613495,29,841,24389,6.73413728
1929,0,92,365,1,0,0,0,0,0,0,0,0,0.0024036793038249,4.565,-3.09944152832031e-05,8.81714916229248,0,0,0.822916984558105,54,2916,157464,7.160790936
1929,1,365,710,1,1,1,0,0,0.00584000023081899,0.0103000001981854,0.00584000023081899,0.0103000001981854,0.740234076976776,4.565,-0.0178076028823853,8.18896675109863,1,0,0.822916984558105,1,1,1,7.160790936
1929,0,800,255,1,0,0,0,0,-0.00152699998579919,-0.00660800002515316,0.00152699998579919,0.00660800002515316,0.0302771870046854,4.565,0.0422772169113159,8.58541202545166,0,0,0.80952399969101,10,100,1000,7.160790936
1930,0,630,700,1,1,0,1,0,0.00796999968588352,-0.0035109999589622,0.00796999968588352,0.0035109999589622,0.681583642959595,4.45,0.0403035879135132,6.9147310256958,1,0,0.968254029750824,11,121,1331,6.573636082
1930,0,740,255,1,0,0,0,0,-0.0122400000691414,-0.0332299992442131,0.0122400000691414,0.0332299992442131,0.396490037441254,4.45,0.111167252063751,8.62119293212891,0,0,0.84127002954483,11,121,1331,6.573636082
1930,0,2,530,1,0,0,0,1,0,-0.00794799998402596,0,0.00794799998402596,0.015971265733242,4.45,0.0112067461013794,8.87234687805176,0,0,0.883598029613495,32,1024,32768,6.573636082
1931,1,740,710,1,1,1,0,0,0.00270999991334975,0.0185000002384186,0.00270999991334975,0.0185000002384186,0.39801287651062,4.3975,-0.0319727063179016,7.17472410202026,0,0,0.904762029647827,2,4,8,6.798824261
1931,1,150,145,1,1,0,0,0,0,0.00566999986767769,0,0.00566999986767769,0.365533530712128,4.3975,-0.100497841835022,6.81124448776245,1,0,0.936507999897003,0,0,0,6.798824261
1932,0,360,355,1,1,0,0,0,-0.0190999992191792,-0.0242199990898371,0.0190999992191792,0.0242199990898371,0.269805908203125,3.7525,0.0814370512962341,5.22035598754883,1,0,0.770833015441895,5,25,125,5.119486084
1934,0,41,220,1,0,0,0,0,-0.000120199998491444,-0.000175699999090284,0.000120199998491444,0.000175699999090284,0.0073966053314507,3.0775,0.00130093097686768,8.4283618927002,0,0,0.692308008670807,0,0,0,3.105305273
1934,1,325,530,1,0,1,0,0,0.00246999994851649,0.00479000015184283,0.00246999994851649,0.00479000015184283,0.100836455821991,3.0775,-0.0747379958629608,7.92117261886597,0,0,0.743589997291565,2,4,8,3.105305273
1935,0,920,325,1,0,0,0,1,0.00112999998964369,0.00150000001303852,0.00112999998964369,0.00150000001303852,0.0290639139711857,2.9025,-0.00115513801574707,9.35305404663086,0,0,0.682051002979279,15,225,3375,1.810351681
1935,0,325,93,1,0,0,0,0,8.0600002547726e-05,0.000180999995791353,8.0600002547726e-05,0.000180999995791353,0.0040153693407774,2.9025,-0.000286911439616233,8.71702671051025,0,0,0.682051002979279,35,1225,42875,1.810351681
1935,0,160,740,1,0,0,0,0,0,-0.00498700002208352,0,0.00498700002208352,0.165277719497681,2.9025,-0.01617830991745,9.34189510345459,0,0,0.938462018966675,75,5625,421875,1.810351681
1936,0,900,220,1,0,0,0,1,0.00116999994497746,0.00120000005699694,0.00116999994497746,0.00120000005699694,0.116900123655796,2.9425,0.00338494777679443,9.261794090271,0,1,0.692308008670807,16,256,4096,0.841891625
1936,0,325,560,1,0,0,0,0,-0.000693999987561256,0,0.000693999987561256,0,0.0938744321465492,2.9425,0.000806852243840694,8.56731605529785,0,0,0.743589997291565,16,256,4096,0.841891625
1936,0,70,325,1,0,0,0,0,0,0,0,0,0.184145897626877,2.9425,-0.00576955080032349,8.75919818878174,0,0,0.538461983203888,105,11025,1157625,0.841891625
1937,0,640,365,1,1,0,1,0,0.00236000004224479,0.00780999986454844,0.00236000004224479,0.00780999986454844,0.0629825592041016,3.3,-0.00139749050140381,7.01660966873169,1,0,0.737374007701874,15,225,3375,0.232130903
1937,1,740,710,1,1,1,0,0,0,0.0070699998177588,0,0.0070699998177588,0.404522269964218,3.3,NA,7.17472410202026,0,NA,0.917949020862579,0,0,0,0.232130903
1937,0,365,91,1,0,0,0,0,-0.000171699997736141,-0.00249299989081919,0.000171699997736141,0.00249299989081919,0.00205915025435388,3.3,0.00482519017532468,8.80432510375977,0,0,0.242423996329308,38,1444,54872,0.232130903
1937,0,678,740,1,0,0,0,0,0.000690000015310943,0.000980000011622906,0.000690000015310943,0.000980000011622906,0.0162720307707787,3.3,-0.00470554828643799,8.6845703125,0,0,0.887179017066956,11,121,1331,0.232130903
1937,0,255,366,1,0,0,0,0,0,-0.00343000004068017,0,0.00343000004068017,0.00934434588998556,3.3,0.00694661447778344,6.47389078140259,0,0,0.856410026550293,17,289,4913,0.232130903
1938,0,355,325,1,0,0,0,0,0,0,0,0,0.0459739491343498,3.4075,-0.0129497051239014,6.32076835632324,0,0,0.671795010566711,19,361,6859,-0.797857491
1938,1,365,740,1,1,1,0,0,-0.00297000003047287,0,0.00297000003047287,0,0.353513479232788,3.4075,0.0417869836091995,8.44548225402832,0,0,0.444444000720978,0,0,0,-0.797857491
1939,1,900,255,0,0,0,0,1,0.00215000007301569,0.00820000004023314,0.00215000007301569,0.00820000004023314,0.0793122425675392,3.73,-0.00936788320541382,9.21004009246826,0,0,0.78125,19,361,6859,-1.174964928
1939,1,740,712,1,0,0,0,0,0,0,0,0,0.00367900403216481,3.73,0.0124713107943535,7.53529691696167,0,0,0.895833015441895,2,4,8,-1.174964928
1939,1,365,375,1,1,0,1,0,-0.000302000000374392,0,0.000302000000374392,0,0.0154573637992144,3.73,0.0154917687177658,6.32076835632324,1,0,0.446153998374939,18,324,5832,-1.174964928
1939,1,560,255,0,0,0,0,0,0.000609999988228083,0.0020000000949949,0.000609999988228083,0.0020000000949949,0.039140097796917,3.73,-0.00108319520950317,8.69701194763184,0,0,0.78125,19,361,6859,-1.174964928
1939,1,20,255,0,0,0,0,1,0.00246999994851649,0.00438999990001321,0.00246999994851649,0.00438999990001321,0.12020518630743,3.73,-0.0220885872840881,8.24564647674561,0,0,0.78125,19,361,6859,-1.174964928
1939,1,200,255,0,0,0,0,1,0.0110999997705221,0.033100001513958,0.0110999997705221,0.033100001513958,0.817006528377533,3.73,-0.0100533962249756,6.35957384109497,0,0,0.53125,0,0,0,-1.174964928
1939,1,365,740,0,1,1,0,0,0,0,0,0,0.343674182891846,3.73,0.00227460265159607,8.44548225402832,0,0,0.384615004062653,0,0,0,-1.174964928
1939,0,130,365,1,0,0,0,0,0,0,0,0,0.00430910289287567,3.73,NA,8.88585567474365,0,0,0.179487004876137,85,7225,614125,-1.174964928
1939,1,220,255,0,1,1,0,1,0.00848999992012978,0.030799999833107,0.00848999992012978,0.030799999833107,0.676261126995087,3.73,-0.276194453239441,6.30078601837158,1,0,0.604166984558105,0,0,0,-1.174964928
1939,1,255,290,1,1,0,1,0,-0.00570000009611249,-0.0309399999678135,0.00570000009611249,0.0309399999678135,0.247573226690292,3.73,0.011059932410717,5.77455139160156,1,0,0.760416984558105,17,289,4913,-1.174964928
1939,1,255,211,0,1,1,0,0,-0.00307399989105761,-0.020609999075532,0.00307399989105761,0.020609999075532,0.155698999762535,3.73,NA,6.00388717651367,1,NA,0.78125,0,0,0,-1.174964928
1939,1,920,255,0,0,0,0,1,0.000540999986696988,0.00419999985024333,0.000540999986696988,0.00419999985024333,0.0114007005468011,3.73,3.20076942443848e-05,9.33105278015137,0,0,0.78125,19,361,6859,-1.174964928
1940,1,800,220,1,0,0,0,0,-0.000475400011055171,0.000523999973665923,0.000475400011055171,0.000523999973665923,0.0573664978146553,3.385,-0.000936806201934814,8.6784610748291,0,0,0.82513701915741,46,2116,97336,-2.280334761
1940,1,255,385,0,0,0,0,0,-0.000853999983519316,-0.00441800011321902,0.000853999983519316,0.00441800011321902,0.0226186960935593,3.385,NA,6.25766754150391,0,NA,0.737704992294312,0,0,0,-2.280334761
1940,1,325,200,0,0,0,0,0,-0.00257600005716085,0,0.00257600005716085,0,0.427169471979141,3.385,0.185534238815308,6.79234457015991,0,0,0.595628023147583,0,0,0,-2.280334761
1940,1,255,210,0,1,0,0,0,-0.00224000005982816,-0.0122699998319149,0.00224000005982816,0.0122699998319149,0.0645164996385574,3.385,NA,5.87773561477661,1,NA,0.737704992294312,0,0,0,-2.280334761
1940,1,325,350,0,0,0,0,0,-0.00369099993258715,-0.00703699979931116,0.00369099993258715,0.00703699979931116,0.121503084897995,3.385,0.313571125268936,6.4831075668335,0,0,0.770492017269135,16,256,4096,-2.280334761
1940,1,255,350,0,0,0,0,0,-0.0026310000102967,-0.0238099992275238,0.0026310000102967,0.0238099992275238,0.0481758862733841,3.385,0.00376361981034279,7.02286815643311,0,0,0.683059990406036,21,441,9261,-2.280334761
1941,1,20,740,0,0,0,0,1,0,-0.00279100006446242,0,0.00279100006446242,0.231682255864143,3.115,-0.0517582893371582,8.76701736450195,0,0,0.703703999519348,21,441,9261,-3.007971802
1941,1,355,560,0,0,0,0,0,0.00454000011086464,0.00960000045597553,0.00454000011086464,0.00960000045597553,0.488617926836014,3.115,NA,8.5767822265625,0,0,0.740741014480591,21,441,9261,-3.007971802
1941,1,2,360,0,0,0,0,1,0,0,0,0,0.0408900454640388,3.115,NA,8.5091609954834,0,0,0.493826985359192,0,0,0,-3.007971802
1941,1,2,355,0,0,0,0,1,0.000128999992739409,0.00176000001374632,0.000128999992739409,0.00176000001374632,0.00800912734121084,3.115,NA,8.50106334686279,0,0,0.493826985359192,22,484,10648,-3.007971802
1941,1,255,345,0,1,0,0,0,-0.00332599994726479,-0.0244299992918968,0.00332599994726479,0.0244299992918968,0.0722459107637405,3.115,0.0141680529341102,6.4329400062561,1,0,0.716049015522003,0,0,0,-3.007971802
1941,1,355,345,0,1,1,1,0,-0.00323099992237985,0,0.00323099992237985,0,0.271245151758194,3.115,NA,5.32300996780396,1,0,0.740741014480591,11,121,1331,-3.007971802
1941,1,355,365,0,0,0,0,0,0.000292000011540949,0,0.000292000011540949,0,0.0129723697900772,3.115,NA,7.00850534439087,0,0,0.612120985984802,0,0,0,-3.007971802
1941,1,355,900,0,0,0,0,0,0,0,0,0,0.246179163455963,3.115,NA,9.16387748718262,0,0,0.740741014480591,21,441,9261,-3.007971802
1941,1,255,2,0,0,0,0,0,-0.0140100000426173,-0.0399199984967709,0.0140100000426173,0.0399199984967709,0.492609441280365,3.115,0.0417726337909698,8.33615112304688,0,0,0.469135999679565,0,0,0,-3.007971802
1941,1,740,900,0,0,0,0,0,-0.00222099991515279,0,0.00222099991515279,0,0.153209373354912,3.115,0.0249680578708649,8.50633430480957,0,0,0.703703999519348,21,441,9261,-3.007971802
1941,1,200,310,0,0,0,0,1,-0.000530000019352883,-0.00144200003705919,0.000530000019352883,0.00144200003705919,0.0575994551181793,3.115,0.00898373499512672,6.80572271347046,0,0,0.617283999919891,21,441,9261,-3.007971802
1941,1,310,350,0,0,0,0,0,-0.00219999998807907,0,0.00219999998807907,0,0.81704169511795,3.115,-0.334062069654465,6.5496506690979,0,0,0.716049015522003,23,529,12167,-3.007971802
1941,1,740,200,0,0,0,0,0,-0.00545899989083409,0,0.00545899989083409,0,0.568674743175507,3.115,0.0221046805381775,8.69064235687256,0,0,0.555555999279022,0,0,0,-3.007971802
1941,1,2,325,0,0,0,0,1,0.00167999998666346,0.00795000046491623,0.00167999998666346,0.00795000046491623,0.1614790558815,3.115,-0.00751975923776627,8.40893936157227,0,0,0.469135999679565,37,1369,50653,-3.007971802
1941,1,200,355,0,0,0,0,1,0,0,0,0,0.0205405410379171,3.115,NA,7.13329601287842,0,0,0.592593014240265,22,484,10648,-3.007971802
1941,1,325,345,0,1,0,0,0,-0.00192099995911121,0,0.00192099995911121,0,0.193176984786987,3.115,-0.217442721128464,6.10702276229858,1,0,0.765432000160217,0,0,0,-3.007971802
1941,1,255,365,0,1,0,0,0,-0.00670999987050891,-0.0301500000059605,0.00670999987050891,0.0301500000059605,0.663347184658051,3.115,0.0730731189250946,6.90975332260132,1,0,0.612120985984802,0,0,0,-3.007971802
1941,1,740,920,0,0,0,0,0,-0.000661000027321279,0,0.000661000027321279,0,0.0198884885758162,3.115,0.0213137902319431,8.66025447845459,0,0,0.703703999519348,21,441,9261,-3.007971802
1941,1,740,2,0,0,0,0,0,-0.00548399984836578,-0.0135800000280142,0.00548399984836578,0.0135800000280142,0.223526239395142,3.115,0.0555180311203003,8.82173252105713,0,0,0.456790000200272,0,0,0,-3.007971802
1941,1,740,560,0,0,0,0,0,0,0,0,0,0.076358251273632,3.115,0.0218456350266933,9.12325668334961,0,0,0.703703999519348,21,441,9261,-3.007971802
1941,1,355,920,0,0,0,0,0,0,0,0,0,0.532352089881897,3.115,NA,9.30437660217285,0,0,0.740741014480591,21,441,9261,-3.007971802
1941,1,365,375,0,1,0,0,0,-0.000300000014249235,0,0.000300000014249235,0,0.0159911476075649,3.115,0.0241469088941813,6.32076835632324,1,0,0.721212029457092,0,0,0,-3.007971802
1941,1,355,350,0,1,1,1,0,-0.00482999999076128,-0.00530300009995699,0.00482999999076128,0.00530300009995699,0.440780997276306,3.115,NA,5.7868971824646,1,0,0.691357970237732,0,0,0,-3.007971802
1941,1,2,310,0,0,0,0,1,0,0,0,0,0.0222372636198997,3.115,-0.00640273559838533,8.42551612854004,0,0,0.469135999679565,23,529,12167,-3.007971802
1941,1,310,365,0,0,0,0,0,0.00127000000793487,0.000709999992977828,0.00127000000793487,0.000709999992977828,0.0364391580224037,3.115,-0.0506680011749268,6.88141107559204,1,0,0.587879002094269,23,529,12167,-3.007971802
1941,1,310,345,0,1,0,0,0,-0.00123499997425824,0,0.00123499997425824,0,0.746483206748962,3.115,-0.283817678689957,5.28320360183716,1,0,0.716049015522003,2,4,8,-3.007971802
1941,1,360,365,0,1,0,0,0,0.0020000000949949,0,0.0020000000949949,0,0.0659425556659698,3.115,NA,6.8373327255249,1,0,0.612120985984802,0,0,0,-3.007971802
1941,1,200,360,0,0,0,0,1,0,-0.00324400002136827,0,0.00324400002136827,0.10615549236536,3.115,NA,7.17011976242065,0,0,0.592593014240265,0,0,0,-3.007971802
1941,1,360,345,0,1,0,1,0,0,0,0,0,0.740570187568665,3.115,NA,5.62762117385864,1,0,0.740741014480591,18,324,5832,-3.007971802
1941,1,20,355,0,0,0,0,1,-0.00138399994466454,-0.0111300004646182,0.00138399994466454,0.0111300004646182,0.161627173423767,3.115,NA,8.43054580688477,0,0,0.740741014480591,21,441,9261,-3.007971802
1942,0,200,101,1,0,0,0,1,0.000182999996468425,-0.000479799986351281,0.000182999996468425,0.000479799986351281,0.0118769844993949,3.0225,-5.6473829317838e-05,8.44762897491455,0,0,0.474359005689621,38,1444,54872,-3.286620574
1942,0,325,91,1,0,0,0,0,-0.000109100001282059,-0.000371700007235631,0.000109100001282059,0.000371700007235631,0.00569582358002663,3.0225,-0.000208162193302996,8.70979499816895,0,0,0.628205001354218,0,0,0,-3.286620574
1942,0,94,365,1,0,0,0,1,2.37999993260019e-05,2.78999996226048e-05,2.37999993260019e-05,2.78999996226048e-05,0.000633279618341476,3.0225,-3.58223915100098e-05,8.82702827453613,0,0,0.484277009963989,22,484,10648,-3.286620574
1943,0,365,920,1,0,0,1,0,0,0.00071699998807162,0,0.00071699998807162,0.00731949834153056,3.0975,0.0018391702324152,9.23921966552734,0,0,0.730768978595734,3,9,27,-3.213515325
1944,1,220,310,0,0,0,0,0,0.00687000015750527,0.00651000021025538,0.00687000015750527,0.00651000021025538,0.128523841500282,3.135,NA,6.65544033050537,0,NA,0.90643298625946,0,0,0,-3.200261596
1944,0,200,20,1,0,0,1,1,0,0.00579999992623925,0,0.00579999992623925,0.147278264164925,3.135,-0.0204221606254578,8.11222839355469,0,1,0.754386007785797,24,576,13824,-3.200261596
1944,1,310,360,0,1,0,0,0,-0.00577099993824959,-0.0232100002467632,0.00577099993824959,0.0232100002467632,0.583069503307343,3.135,NA,5.98645210266113,1,NA,0.90643298625946,2,4,8,-3.200261596
1944,1,140,255,0,0,0,0,0,0.00509000010788441,0.0189999993890524,0.00509000010788441,0.0189999993890524,0.10501667112112,3.135,-0.00271141529083252,8.69366455078125,0,0,0.672514975070953,0,0,0,-3.200261596
1944,1,140,740,0,0,0,0,0,0.00443999981507659,0.00946999993175268,0.00443999981507659,0.00946999993175268,0.214132681488991,3.135,-0.00583440065383911,9.30501365661621,0,0,0.660818994045258,84,7056,592704,-3.200261596
1945,1,740,712,0,0,0,0,0,0,0,0,0,0.00377255468629301,2.8925,NA,7.53529691696167,0,NA,0.895833015441895,5,25,125,-3.198352
1945,1,365,740,0,1,1,0,0,0.0053400001488626,0.0159000009298325,0.0053400001488626,0.0159000009298325,0.371854305267334,2.8925,NA,8.44548225402832,0,NA,0.677083015441895,0,0,0,-3.198352
1946,0,200,920,1,0,0,0,1,0,0.000905000022612512,0,0.000905000022612512,0.011725889518857,2.5925,0.000694094225764275,9.367600440979,0,1,0.727272987365723,26,676,17576,-3.496783476
1947,1,750,770,1,1,1,0,1,NA,NA,NA,NA,0.219480618834496,2.77,NA,6.05443954467773,1,NA,0.941175997257233,0,0,0,-3.376941665
1947,0,365,2,1,0,1,0,0,0.00880999956279993,0.0305000003427267,0.00880999956279993,0.0305000003427267,0.631219208240509,2.77,-0.0698168575763702,8.48941040039062,0,0,0.127451002597809,0,0,0,-3.376941665
1948,1,651,666,1,1,1,0,0,NA,NA,NA,NA,0.254250943660736,3.2075,NA,5.57594919204712,1,0,0.870369970798492,0,0,0,-3.236237431
1948,1,652,666,1,1,1,0,0,NA,NA,NA,NA,0.634927093982697,3.2075,NA,4.89784002304077,1,0,0.944444000720978,0,0,0,-3.236237431
1948,1,663,666,1,1,1,0,0,NA,NA,NA,NA,0.159657716751099,3.2075,NA,3.78418970108032,1,0,0.870369970798492,0,0,0,-3.236237431
1948,1,660,666,1,1,0,0,0,NA,NA,NA,NA,0.258552968502045,3.2075,NA,4.97673368453979,1,0,0.898148000240326,0,0,0,-3.236237431
1948,0,90,91,1,1,0,1,0,-0.00316699990071356,0,0.00316699990071356,0,0.329492568969727,3.2075,-0.112820029258728,5.41164588928223,1,0,1,19,361,6859,-3.236237431
1948,1,645,666,1,0,0,0,0,NA,NA,NA,NA,0.950677096843719,3.2075,NA,6.30078601837158,0,0,0.814814984798431,0,0,0,-3.236237431
1949,0,630,365,1,0,1,0,0,0,0.000391000008676201,0,0.000391000008676201,0.027845861390233,3.3,0.000110805034637451,7.33563375473022,1,0,0.644443988800049,2,4,8,-3.203256664
1949,0,630,645,1,1,0,1,0,0.00310999993234873,0,0.00310999993234873,0,0.270061492919922,3.3,-0.0280865877866745,6.06842565536499,1,0,0.911110997200012,13,169,2197,-3.203256664
1950,1,710,211,0,0,0,0,0,-0.00241099996492267,0,0.00241099996492267,0,0.0925207361578941,3.545,0.00844974257051945,8.50734519958496,0,0,0.626667022705078,5,25,125,-3.005177047
1950,1,710,210,0,0,0,0,0,0.00106000003870577,0.00243000010959804,0.00106000003870577,0.00243000010959804,0.0533268377184868,3.545,0.0153653211891651,8.48941040039062,0,0,0.626667022705078,5,25,125,-3.005177047
1950,1,840,731,0,0,0,0,0,0,0,0,0,0.780276715755463,3.545,0.0438190698623657,7.44716835021973,0,0,0.946667015552521,2,4,8,-3.005177047
1950,1,710,800,0,0,0,0,0,0,-0.00082090002251789,0,0.00082090002251789,0.0295346602797508,3.545,0.00162922218441963,7.62608289718628,0,0,0.920000016689301,63,3969,250047,-3.005177047
1950,1,710,530,0,0,0,0,0,-0.00213599996641278,-0.00637600012123585,0.00213599996641278,0.00637600012123585,0.0338417962193489,3.545,0.0368376299738884,8.55756664276123,0,0,0.920000016689301,9,81,729,-3.005177047
1950,0,200,700,1,0,0,0,1,-0.000714899972081184,-0.00381999998353422,0.000714899972081184,0.00381999998353422,0.0273067448288202,3.545,0.0310258381068707,8.17470264434814,0,0,0.546666979789734,31,961,29791,-3.005177047
1950,1,2,731,0,0,1,0,1,0,0,0,0,0.0103032477200031,3.545,-0.00609198585152626,8.83477401733398,0,0,0.119999997317791,2,4,8,-3.005177047
1950,1,640,731,0,0,0,0,1,0,0,0,0,0.258034825325012,3.545,0.120491534471512,8.45659351348877,0,0,0.89333301782608,2,4,8,-3.005177047
1950,1,710,100,0,0,0,0,0,0.000460999988717958,0,0.000460999988717958,0,0.0205142758786678,3.545,0.00413219071924686,9.13755416870117,0,0,0.386667013168335,90,8100,729000,-3.005177047
1950,1,530,731,0,0,0,0,0,0,0,0,0,0.578483641147614,3.545,0.0360007286071777,8.64979934692383,0,0,0.946667015552521,2,4,8,-3.005177047
1950,1,710,20,0,0,0,0,0,0.00361000001430511,0.0066800001077354,0.00361000001430511,0.0066800001077354,0.12864638864994,3.545,0.0141404047608376,8.77940368652344,0,0,0.626667022705078,30,900,27000,-3.005177047
1950,1,710,220,0,0,0,0,0,-0.00957600027322769,-0.0141399996355176,0.00957600027322769,0.0141399996355176,0.370259523391724,3.545,0.152963891625404,8.53875923156738,0,0,0.653333008289337,0,0,0,-3.005177047
1950,1,220,731,0,0,0,0,1,0,0,0,0,0.0846795737743378,3.545,0.0457748174667358,8.60465431213379,0,0,0.626667022705078,2,4,8,-3.005177047
1950,1,710,920,0,0,0,0,0,0.000172999993083067,0,0.000172999993083067,0,0.0091167576611042,3.545,-0.000384343788027763,8.81105613708496,0,0,0.89333301782608,30,900,27000,-3.005177047
1950,1,210,731,0,0,0,0,1,0,0,0,0,0.353241711854935,3.545,0.102522134780884,8.55679798126221,0,0,0.653333008289337,2,4,8,-3.005177047
1950,1,710,640,0,0,0,0,0,0.00135999999474734,0.00326999998651445,0.00135999999474734,0.00326999998651445,0.0702347159385681,3.545,0.0596246868371964,8.35420322418213,0,0,0.866666972637177,90,8100,729000,-3.005177047
1950,1,710,732,0,0,1,0,0,-0.00247700000181794,0.00185000000055879,0.00247700000181794,0.00185000000055879,0.0416081845760345,3.545,0.036372534930706,6.3885612487793,0,0,0.920000016689301,1,1,1,-3.005177047
1950,1,800,731,0,0,0,0,0,0,0,0,0,0.801240980625153,3.545,0.0518630743026733,7.7531943321228,0,0,0.946667015552521,2,4,8,-3.005177047
1950,1,900,731,0,0,0,0,1,0,0,0,0,0.364087611436844,3.545,0.0493690967559814,8.58541202545166,0,0,0.920000016689301,2,4,8,-3.005177047
1950,1,710,200,0,0,0,0,0,0,0.00961000006645918,0,0.00961000006645918,0.764434278011322,3.545,0.0821935534477234,8.52931976318359,0,0,0.573333024978638,22,484,10648,-3.005177047
1950,1,920,731,0,0,0,0,1,0,0,0,0,0.334100097417831,3.545,0.0169603228569031,8.75683975219727,0,0,0.920000016689301,2,4,8,-3.005177047
1950,0,663,220,1,0,0,0,0,-0.000517399981617928,-0.00205600005574524,0.000517399981617928,0.00205600005574524,0.00733368750661612,3.545,0.00647836923599243,7.64730882644653,0,0,0.608888983726501,4,16,64,-3.005177047
1950,1,200,731,0,0,0,0,1,0,0,0,0,0.0409510210156441,3.545,0.0349620133638382,8.59211540222168,0,0,0.546666979789734,2,4,8,-3.005177047
1950,1,211,731,0,0,0,0,1,0,0,0,0,0.297188490629196,3.545,0.0577973127365112,8.57470703125,0,0,0.653333008289337,2,4,8,-3.005177047
1950,1,710,840,0,0,0,0,0,0,0.00213999999687076,0,0.00213999999687076,0.0287674199789762,3.545,0.0038533341139555,7.4815559387207,0,0,0.920000016689301,4,16,64,-3.005177047
1950,1,20,731,0,0,0,0,1,0,0,0,0,0.193039432168007,3.545,-0.0507180392742157,8.77322959899902,0,0,0.653333008289337,2,4,8,-3.005177047
1950,1,710,900,0,0,0,0,0,0.00176999997347593,0.00480000022798777,0.00176999997347593,0.00480000022798777,0.0753770172595978,3.545,0.0125459283590317,8.63177108764648,0,0,0.89333301782608,30,900,27000,-3.005177047
1950,1,710,350,0,0,0,0,0,0,0,0,0,0.0315010957419872,3.545,0.0152102932333946,8.46273708343506,0,0,0.920000016689301,6,36,216,-3.005177047
1950,1,350,731,0,0,0,0,0,0,0,0,0,0.738286316394806,3.545,0.120513916015625,8.55313968658447,0,0,0.946667015552521,2,4,8,-3.005177047
1950,0,365,40,1,0,0,0,0,0,-0.000267800001893193,0,0.000267800001893193,0.0122727230191231,3.545,-7.95836094766855e-05,8.69215393066406,0,0,0.128888994455338,41,1681,68921,-3.005177047
1950,1,731,732,1,1,1,0,0,-0.0117499995976686,-0.0466299988329411,0.0117499995976686,0.0466299988329411,0.520036816596985,3.545,0.215251713991165,4.79579067230225,1,0,0.946667015552521,0,0,0,-3.005177047
1951,1,100,731,0,0,0,0,0,-0.0442700013518333,0,0.0442700013518333,0,0.831322431564331,3.7475,0.0338689088821411,9.12434673309326,0,0,0.421052992343903,3,9,27,-2.262222864
1951,0,92,710,1,0,0,0,0,-2.12899994949112e-05,7.40000032237731e-05,2.12899994949112e-05,7.40000032237731e-05,0.00223262165673077,3.7475,0.000216662883758545,9.03491497039795,0,0,0.421052992343903,76,5776,438976,-2.262222864
1952,0,160,145,1,1,0,1,0,-0.00501600001007318,-0.0144800003618002,0.00501600001007318,0.0144800003618002,0.104708172380924,4.235,-0.0175871439278126,7.23128700256348,1,0,1,23,529,12167,-1.340462459
1953,0,135,200,1,0,0,0,0,-0.000532999983988702,0,0.000532999983988702,0,0.0214604455977678,4.0825,0.00118917226791382,8.75242328643799,0,0,0.063290998339653,114,12996,1481544,-1.46935445
1954,0,210,200,1,0,0,1,1,-0.00321400002576411,-0.00690999999642372,0.00321400002576411,0.00690999999642372,0.0815837830305099,3.7575,0.00122356414794922,5.40717172622681,0,1,0.861788988113403,9,81,729,-1.40865283
1955,0,101,140,1,1,0,1,0,-0.00109799997881055,0,0.00109799997881055,0,0.121089346706867,4.175,0.00697886943817139,7.71199655532837,1,0,1,114,12996,1481544,-0.07967638
1956,1,200,651,0,0,0,0,1,0.00289999996311963,0.00356000009924173,0.00289999996311963,0.00356000009924173,0.068849965929985,4.74,0.0406024158000946,7.68845558166504,0,0,0.432949990034103,3,9,27,1.297771814
1956,0,94,220,1,0,0,0,1,0,0,0,0,0.00312488432973623,4.74,5.17368316650391e-05,8.6208324432373,0,1,0.180077001452446,12,144,1728,1.297771814
1956,0,700,2,1,0,0,0,0,0.000436000002082437,0.00472000008448958,0.000436000002082437,0.00472000008448958,0.00739329122006893,4.74,-0.000603973865509033,8.84347057342529,0,0,0.0191569998860359,37,1369,50653,1.297771814
1956,1,220,651,0,0,0,0,1,0,0.00408999994397163,0,0.00408999994397163,0.180926904082298,4.74,0.0318640768527985,7.59990215301514,0,0,0.41762501001358,12,144,1728,1.297771814
1956,1,666,651,1,1,1,0,1,0.00206999992951751,0.0198999997228384,0.00206999992951751,0.0198999997228384,0.233090505003929,4.74,0.0869084596633911,5.57594919204712,1,0,0.777778029441833,0,0,0,1.297771814
1956,1,365,310,1,1,0,1,0,0,0,0,0,0.0299219768494368,4.74,NA,6.88141107559204,1,NA,0.938696980476379,10,100,1000,1.297771814
1957,0,710,140,1,0,0,0,0,0.000986999948509037,0,0.000986999948509037,0,0.107509419322014,5.005,0.00399146601557732,9.26188850402832,0,0,0.50561797618866,97,9409,912673,1.828764595
1958,0,90,220,1,0,0,0,0,0.000499000016134232,0,0.000499000016134232,0,0.0192478913813829,4.9825,0.00133812427520752,8.62927150726318,0,0,0.207406997680664,14,196,2744,2.334672089
1958,0,710,94,1,0,0,0,0,3.870000000461e-06,0,3.870000000461e-06,0,0.000797278888057917,4.9825,0.00191220990382135,9.07783699035645,0,0,0.51111102104187,38,1444,54872,2.334672089
1959,0,365,380,1,0,0,0,0,-0.00127500004600734,-0.00164200004655868,0.00127500004600734,0.00164200004655868,0.0364430211484432,4.825,0.000584137625992298,6.63856792449951,0,0,0.737828016281128,3,9,27,2.286693443
1960,0,365,395,1,0,0,0,0,-3.32200011143868e-06,NA,3.32200011143868e-06,NA,0.000243652088101953,5.4575,NA,7.62948989868164,0,NA,0.520249009132385,10,100,1000,3.13244775
1960,0,365,220,1,0,0,0,0,0.00202000001445413,0.0036599999293685,0.00202000001445413,0.0036599999293685,0.183508306741714,5.4575,0.0318866968154907,7.3440728187561,0,0,0.414330005645752,0,0,0,3.13244775
1960,0,325,2,1,0,0,1,1,0,0,0,0,0.0689423605799675,5.4575,-0.0208675861358643,8.40893936157227,0,1,0.507788002490997,16,256,4096,3.13244775
1960,0,200,616,1,0,0,0,1,0.000967999978456646,0.002779999980703,0.000967999978456646,0.002779999980703,0.0116679277271032,5.4575,0.00359595660120249,7.03438806533813,0,0,0.507788002490997,4,16,64,3.13244775
1961,0,135,130,1,1,0,1,0,0,0.0157999992370605,0,0.0157999992370605,0.391869813203812,6.27,-0.0141620635986328,6.71417045593262,1,0,1,5,25,125,3.614445501
1961,1,710,750,1,1,1,0,0,-0.00441600009799004,0.00184000004082918,0.00441600009799004,0.00184000004082918,0.422078758478165,6.27,-0.00995767116546631,7.76259613037109,1,0,0.909910023212433,0,0,0,3.614445501
1961,0,230,365,1,0,0,0,0,0.00249999994412065,0.00181000004522502,0.00249999994412065,0.00181000004522502,0.0787568092346191,6.27,0.00122624635696411,7.66856098175049,0,0,0.759760022163391,16,256,4096,3.614445501
1962,0,205,2,1,0,0,0,1,0,0,0,0,0.00313175725750625,5.98,-0.00022202730178833,8.1268138885498,0,1,0.276353001594543,40,1600,64000,3.087872708
1963,0,2,290,1,0,0,0,1,0,-0.00607600016519427,0,0.00607600016519427,0.0637068226933479,5.5875,0.00880858302116394,8.40335273742676,0,0,0.187674999237061,1,1,1,2.173962599
1963,0,225,220,1,1,0,0,1,0.00343999988399446,0.00946000032126904,0.00343999988399446,0.00946000032126904,0.0741201862692833,5.5875,0.00762754678726196,5.61312818527222,1,0,0.635854005813599,19,361,6859,2.173962599
1964,1,2,816,1,0,0,0,1,0.000936000025831163,0.00176000001374632,0.000936000025831163,0.00176000001374632,0.0150877041742206,6.06,0.0022826474159956,9.02376937866211,0,0,0.322403997182846,0,0,0,2.383340504
1964,0,2,145,1,0,0,1,1,3.84999984817114e-05,3.7599998904625e-05,3.84999984817114e-05,3.7599998904625e-05,0.00207086000591516,6.06,0.000409671803936362,8.26230049133301,0,0,0.666666984558105,116,13456,1560896,2.383340504
1964,0,220,713,1,0,0,0,0,0,0,0,0,0.229486599564552,6.06,-0.0168139934539795,8.72712993621826,0,0,0.661202013492584,15,225,3375,2.383340504
1964,1,816,817,0,1,0,0,0,-0.00456999987363815,-0.0106800002977252,0.00456999987363815,0.0106800002977252,0.884416460990906,6.06,-0.00695395469665527,6.56807804107666,1,0,0.967212975025177,3,9,27,2.383340504
1964,1,900,816,0,0,0,0,1,0.00867999996989965,0.0167999994009733,0.00867999996989965,0.0167999994009733,0.489195972681046,6.06,-0.0151021480560303,8.48094367980957,0,0,0.907104015350342,1,1,1,2.383340504
1964,0,160,150,1,1,0,1,0,0.000334999989718199,0.00132000003941357,0.000334999989718199,0.00132000003941357,0.0414032749831676,6.06,-0.0956267043948174,6.47234630584717,1,0,1,1,1,1,2.383340504
1965,1,750,770,1,1,1,0,1,-0.000181600000360049,-0.0105499997735023,0.000181600000360049,0.0105499997735023,0.22145688533783,6.4325,0.0124190896749496,6.05443954467773,1,0,0.920000016689301,0,0,0,2.894621296
1965,1,732,816,0,0,0,0,0,0.00566999986767769,0.0119000002741814,0.00566999986767769,0.0119000002741814,0.377375870943069,6.4325,0.0899762511253357,7.44132041931152,0,0,0.962666988372803,11,121,1331,2.894621296
1965,0,91,220,1,0,0,0,0,-0.000173199994605966,0,0.000173199994605966,0,0.00590516673400998,6.4325,0.00140863656997681,8.60758209228516,0,0,0.381332993507385,21,441,9261,2.894621296
1965,0,200,42,1,0,0,0,1,0.000549999997019768,0.000918000005185604,0.000549999997019768,0.000918000005185604,0.00962516386061907,6.4325,-0.00987917557358742,8.38160228729248,0,0,0.407999992370605,41,1681,68921,2.894621296
1966,1,840,816,0,0,0,0,0,0.00686000008136034,0.00637000007554889,0.00686000008136034,0.00637000007554889,0.89293360710144,6.8175,0.0360234379768372,6.99576616287231,0,0,0.922481000423431,12,144,1728,2.655886442
1967,0,645,365,1,0,0,0,0,-0.000348100002156571,-0.000509299978148192,0.000348100002156571,0.000509299978148192,0.010064878500998,6.73,0.000105500221252441,7.36770868301392,0,0,0.620513021945953,35,1225,42875,1.762087864
1967,0,651,220,1,0,0,0,0,-0.00356999994255602,-0.00665100011974573,0.00356999994255602,0.00665100011974573,0.188710123300552,6.73,0.0493854284286499,7.59990215301514,0,0,0.482051014900208,10,100,1000,1.762087864
1967,0,365,770,1,0,0,0,0,0,0,0,0,0.06229018419981,6.73,-0.0036316029727459,7.73017501831055,0,0,0.758974015712738,6,36,216,1.762087864
1967,0,365,600,1,0,0,0,0,0.000276000006124377,0.000354999996488914,0.000276000006124377,0.000354999996488914,0.0106585500761867,6.73,0.00478224223479629,7.85515689849854,0,0,0.620513021945953,11,121,1331,1.762087864
1967,1,666,652,1,1,1,0,1,0.0042200000025332,0.0120000001043081,0.0042200000025332,0.0120000001043081,0.87830913066864,6.73,0.104232102632523,4.89784002304077,1,0,0.784614980220795,0,0,0,1.762087864
1967,1,800,816,0,0,1,0,0,0.00498999981209636,0,0.00498999981209636,0,0.892341911792755,6.73,0.015349805355072,6.41999483108521,0,0,0.933332979679108,0,0,0,1.762087864
1967,1,651,666,1,1,1,0,0,-0.00139700004365295,-0.0130000002682209,0.00139700004365295,0.0130000002682209,0.22043476998806,6.73,0.0741268694400787,5.57594919204712,1,0,0.784614980220795,0,0,0,1.762087864
1967,1,666,651,0,1,1,0,1,0.00139999995008111,0.0130000002682209,0.00139999995008111,0.0130000002682209,0.22043476998806,6.73,0.0120355486869812,5.57594919204712,1,0,0.784614980220795,0,0,0,1.762087864
1967,1,666,663,0,1,1,0,1,0.00899000000208616,0.0104000000283122,0.00899000000208616,0.0104000000283122,0.360770642757416,6.73,0.120488852262497,3.78418970108032,1,0,0.784614980220795,0,0,0,1.762087864
1968,0,660,2,1,0,0,0,0,-5.76599995838478e-05,-5.05499992868863e-05,5.76599995838478e-05,5.05499992868863e-05,0.00182964652776718,7.46,-0.000145494937896729,8.66871166229248,0,0,0.167919993400574,22,484,10648,1.706260283
1968,0,365,145,1,0,0,0,0,2.7300000510877e-05,5.90000017837156e-05,2.7300000510877e-05,5.90000017837156e-05,0.00309661123901606,7.46,0.000274364021606743,8.95866870880127,0,0,0.493734002113342,120,14400,1728000,1.706260283
1968,0,2,750,1,0,0,0,1,0.00344999996013939,0.00294000003486872,0.00344999996013939,0.00294000003486872,0.201862499117851,7.46,0.000254139304161072,8.92159080505371,0,1,0.348370999097824,21,441,9261,1.706260283
1969,0,365,390,1,0,0,0,0,6.26999972155318e-05,0.000288000010186806,6.26999972155318e-05,0.000288000010186806,0.0114101897925138,8.94,-0.000236359890550375,6.87729597091675,0,0,0.61403501033783,9,81,729,2.028417546
1969,0,710,663,1,0,0,0,0,0.000199000001884997,0.000320999999530613,0.000199000001884997,0.000320999999530613,0.00444848323240876,8.94,-0.00120784807950258,8.38594532012939,0,0,0.754386007785797,23,529,12167,2.028417546
1969,0,160,140,1,1,0,1,0,0.0040799998678267,0,0.0040799998678267,0,0.53715193271637,8.94,0.0354108810424805,7.28756046295166,1,0,1,93,8649,804357,2.028417546
1969,1,92,91,1,1,0,1,0,0.00608000019565225,0,0.00608000019565225,0,0.66401207447052,8.94,0.365318238735199,4.91265487670898,1,0,1,48,2304,110592,2.028417546
1969,0,2,713,1,0,0,1,1,0.00068900000769645,0.000433999986853451,0.00068900000769645,0.000433999986853451,0.0285834707319736,8.94,0.000714737921953201,8.97903823852539,0,0,0.378446012735367,18,324,5832,2.028417546
1969,0,90,710,1,0,0,0,0,3.76999996660743e-05,0.000111000001197681,3.76999996660743e-05,0.000111000001197681,0.00444897077977657,8.94,-0.000445008277893066,9.02364921569824,0,0,0.604009985923767,101,10201,1030301,2.028417546
1969,0,710,40,1,0,0,0,0,0.00056600000243634,0.00190999999176711,0.00056600000243634,0.00190999999176711,0.0175372958183289,8.94,0.00991588085889816,8.97664165496826,0,0,0.934836983680725,60,3600,216000,2.028417546
1970,0,220,775,1,0,0,0,1,0.00252000009641051,0.00621999986469746,0.00252000009641051,0.00621999986469746,0.0853672549128532,9.2325,0.00952060520648956,8.61721992492676,0,0,0.676617026329041,22,484,10648,0.736602561
1970,0,2,260,1,0,0,1,1,0.00158000004012138,0.00337999989278615,0.00158000004012138,0.00337999989278615,0.173546075820923,9.2325,0.00779843330383301,8.28878593444824,0,1,0.562188982963562,15,225,3375,0.736602561
1970,0,600,230,1,0,1,0,0,-0.00392699986696243,-0.0101399999111891,0.00392699986696243,0.0101399999111891,0.186967790126801,9.2325,0.0400501489639282,6.159095287323,1,0,0.756219029426575,8,64,512,0.736602561
1970,0,620,615,1,1,0,1,0,-0.00393899995833635,-0.0156399998813868,0.00393899995833635,0.0156399998813868,0.178288653492928,9.2325,-0.0781875848770142,6.45204877853394,1,0,1,8,64,512,0.736602561
1970,0,235,710,1,0,0,0,0,-0.00021490000654012,-0.000749600003473461,0.00021490000654012,0.000749600003473461,0.0194720197468996,9.2325,-0.00142365694046021,8.7013463973999,0,0,0.716418027877808,42,1764,74088,0.736602561
1970,1,816,811,0,0,0,0,0,-0.00264000007882714,0,0.00264000007882714,0,0.235274940729141,9.2325,0.0795064270496368,6.49072360992432,0,0,0.960198998451233,0,0,0,0.736602561
1970,0,390,220,1,0,0,1,1,-0.00120399997103959,-0.0022809999063611,0.00120399997103959,0.0022809999063611,0.0661850199103355,9.2325,0.0173543095588684,6.45990467071533,0,1,0.915422976016998,25,625,15625,0.736602561
1971,0,130,365,1,0,0,0,0,-4.85400014440529e-05,-2.68299991148524e-05,4.85400014440529e-05,2.68299991148524e-05,0.00435600662603974,9.0425,-3.51071357727051e-05,8.88585567474365,0,0,0.501199007034302,117,13689,1601613,-0.977625941
1971,1,750,770,1,1,1,0,1,0,-0.0076529998332262,0,0.0076529998332262,0.219674170017242,9.0425,0.0105770230293274,6.05443954467773,1,0,0.9184650182724,0,0,0,-0.977625941
1971,0,2,652,1,0,0,0,1,0.000241000001551583,0.000326999987009913,0.000241000001551583,0.000326999987009913,0.00595360063016415,9.0425,0.00142484530806541,8.67726898193359,0,0,0.112709999084473,0,0,0,-0.977625941
1971,0,135,100,1,1,0,1,0,0,0.00546000013127923,0,0.00546000013127923,0.624975979328156,9.0425,-0.0339621603488922,7.06390380859375,1,0,1,36,1296,46656,-0.977625941
1972,0,645,710,1,0,0,0,0,-0.000397900003008544,-0.000297299993690103,0.000397900003008544,0.000297299993690103,0.0168855860829353,9.1975,-0.000644922256469727,8.27205944061279,0,0,0.709523975849152,40,1600,64000,-1.78310025
1972,0,620,220,1,0,0,0,0,-0.000877499987836927,-0.00147200003266335,0.000877499987836927,0.00147200003266335,0.0103934528306127,9.1975,0.00594842433929443,7.1228666305542,0,0,0.457143008708954,21,441,9261,-1.78310025
1973,1,663,666,0,1,1,0,0,0,0,0,0,0.414973646402359,10.9075,0.0133752226829529,3.78418970108032,1,0,0.735225021839142,0,0,0,-0.6357014
1973,1,645,666,0,0,1,0,0,0.00270999991334975,0.0040799998678267,0.00270999991334975,0.0040799998678267,0.719332993030548,10.9075,-0.046424925327301,6.30078601837158,0,0,0.730495989322662,2,4,8,-0.6357014
1973,0,790,220,1,0,0,0,0,-0.000300799991237,-0.000222799993935041,0.000300799991237,0.000222799993935041,0.0258083567023277,10.9075,0.00655239820480347,8.41205501556396,0,0,0.692671000957489,29,841,24389,-0.6357014
1973,1,652,666,1,1,1,0,0,0.00393000012263656,0,0.00393000012263656,0,0.868751704692841,10.9075,-0.000719547271728516,4.89784002304077,1,0,0.735225021839142,0,0,0,-0.6357014
1973,1,651,666,0,1,1,0,0,0.00263000000268221,-0.00416299980133772,0.00263000000268221,0.00416299980133772,0.231910660862923,10.9075,0.00647816061973572,5.57594919204712,1,0,0.730495989322662,0,0,0,-0.6357014
1973,1,670,666,0,0,1,0,0,0.00249999994412065,0,0.00249999994412065,0,0.780274987220764,10.9075,-0.0273090600967407,6.75576877593994,0,0,0.735225021839142,5,25,125,-0.6357014
1974,1,640,352,1,0,1,0,1,0.000765000004321337,0.0013899999903515,0.000765000004321337,0.0013899999903515,0.0112540191039443,15.1725,0.0519685298204422,5.8021183013916,1,1,0.794871985912323,6,36,216,2.152537244
1974,0,710,2,1,0,0,0,0,-0.00519700022414327,-0.00849299971014261,0.00519700022414327,0.00849299971014261,0.575305283069611,15.1725,-0.0155791044235229,8.84361553192139,0,0,0.342656999826431,1,1,1,2.152537244
1974,0,365,710,1,1,1,0,0,0.00115000002551824,0.00559000018984079,0.00115000002551824,0.00559000018984079,0.703855216503143,15.1725,-8.52346420288086e-05,8.18896675109863,1,0,0.841491997241974,0,0,0,2.152537244
1974,0,2,265,1,0,0,0,1,0.000730000028852373,0.00206999992951751,0.000730000028852373,0.00206999992951751,0.0420593172311783,15.1725,-0.00526182353496552,8.33615112304688,0,0,0.282050997018814,11,121,1331,2.152537244
1975,1,816,811,1,1,0,0,0,0,0.00509000010788441,0,0.00509000010788441,0.248362600803375,14.6025,0.0300530269742012,6.49072360992432,1,0,0.97333300113678,0,0,0,0.553856
1975,0,560,200,1,0,0,0,0,-0.00539000006392598,-0.00405099987983704,0.00539000006392598,0.00405099987983704,0.160693764686584,14.6025,-0.0148642659187317,8.70184516906738,0,0,0.74666702747345,55,3025,166375,0.553856
1975,0,812,816,1,1,0,0,0,0,0,0,0,0.147308558225632,14.6025,-0.00162369012832642,5.70378255844116,1,0,0.97333300113678,1,1,1,0.553856
1976,0,620,365,1,0,0,0,0,-0.000226100004510954,-0.000365599989891052,0.000226100004510954,0.000365599989891052,0.00250344397500157,14.2275,-0.000198841094970703,7.58528089523315,0,0,0.59381902217865,25,625,15625,0.768736478
1976,0,305,325,1,1,0,0,1,0.00258999993093312,-0.000977699994109571,0.00258999993093312,0.000977699994109571,0.170942172408104,14.2275,0.0106797814369202,6.16120719909668,1,1,0.788079023361206,15,225,3375,0.768736478
1976,0,800,812,1,1,1,0,0,0,0,0,0,0.181036248803139,14.2275,0.0530321300029755,5.77765226364136,1,0,0.947019994258881,0,0,0,0.768736478
1976,0,710,51,1,0,0,0,0,1.08000003820052e-05,1.61999996635132e-05,1.08000003820052e-05,1.61999996635132e-05,0.00172202766407281,14.2275,-0.000270509568508714,9.03037643432617,0,0,0.646799027919769,14,196,2744,0.768736478
1977,1,40,520,0,0,0,0,0,0.00331000005826354,0.00649000005796552,0.00331000005826354,0.00649000005796552,0.111752085387707,12.1925,0.153594374656677,9.05028915405273,0,0,0.736841976642609,17,289,4913,-0.702228271
1977,0,439,220,1,0,0,0,0,-0.000305099994875491,-0.000222500006202608,0.000305099994875491,0.000222500006202608,0.0106996903195977,12.1925,0.00137984752655029,7.83755445480347,0,0,0.679825007915497,17,289,4913,-0.702228271
1977,0,365,433,1,0,0,0,0,5.23999988217838e-05,1.94000003830297e-05,5.23999988217838e-05,1.94000003830297e-05,0.00255539547652006,12.1925,-0.000114455819129944,8.30696582794189,0,0,0.771929979324341,17,289,4913,-0.702228271
1977,1,520,530,1,1,1,1,0,-0.00430899998173118,-0.0139800002798438,0.00430899998173118,0.0139800002798438,0.152990460395813,12.1925,0.0651625990867615,6.54534959793091,1,0,0.723684012889862,0,0,0,-0.702228271
1977,0,220,290,1,0,0,0,1,0.00583000015467405,0.0095600001513958,0.00583000015467405,0.0095600001513958,0.549420535564423,12.1925,-0.0020470917224884,6.74523639678955,0,0,0.653509020805359,15,225,3375,-0.702228271
1977,0,101,100,1,1,0,1,1,-0.000777099980041385,0.00633999984711409,0.000777099980041385,0.00633999984711409,0.791209578514099,12.1925,-0.0378893911838531,6.45990467071533,1,1,1,74,5476,405224,-0.702228271
1978,0,365,775,1,0,0,0,0,0.000226999996812083,0.000302000000374392,0.000226999996812083,0.000302000000374392,0.0169005393981934,12.0275,0.000843696296215057,8.30844593048096,0,0,0.818181991577148,30,900,27000,-0.199965894
1978,1,710,816,1,1,0,0,0,0.00168999994639307,0.00242000003345311,0.00168999994639307,0.00242000003345311,0.0427617989480495,12.0275,0.00307433307170868,7.2772479057312,1,0,0.948051989078522,2,4,8,-0.199965894
1978,0,811,710,1,0,0,0,0,-0.000254899990977719,-0.000714400026481599,0.000254899990977719,0.000714400026481599,0.00935654435306787,12.0275,0.0185578465461731,7.64252424240112,0,0,0.952381014823914,6,36,216,-0.199965894
1978,0,475,2,1,0,0,0,0,-0.00145099998917431,-0.00239500007592142,0.00145099998917431,0.00239500007592142,0.0285532176494598,12.0275,0.00364923477172852,8.61522674560547,0,0,0.259739995002747,18,324,5832,-0.199965894
1978,0,200,165,1,0,0,0,1,0.000441000011051074,0.00109999999403954,0.000441000011051074,0.00109999999403954,0.0206396300345659,12.0275,0.0109264384955168,8.83491897583008,0,0,0.497835010290146,38,1444,54872,-0.199965894
1978,0,2,670,1,0,0,0,1,0.00138000003062189,0.0030900000128895,0.00138000003062189,0.0030900000128895,0.0112124998122454,12.0275,-0.00752069056034088,8.81685352325439,0,0,0.155844002962112,51,2601,132651,-0.199965894
1978,1,500,510,1,1,0,1,0,-0.00187599996570498,0,0.00187599996570498,0,0.728342533111572,12.0275,0.0423262119293213,6.51471281051636,1,0,0.922078013420105,0,0,0,-0.199965894
1979,0,230,220,1,1,0,0,1,-0.0059620002284646,-0.00234699994325638,0.0059620002284646,0.00234699994325638,0.411466330289841,11.3475,0.048153281211853,6.48616075515747,1,1,0.794871985912323,35,1225,42875,1.205743244
1979,0,652,710,1,0,0,0,0,-0.000805000017862767,-0.00198800000362098,0.000805000017862767,0.00198800000362098,0.0158528070896864,11.3475,-0.000724315643310547,8.36892509460449,0,0,0.722221970558167,18,324,5832,1.205743244
1979,0,710,482,1,0,0,0,0,2.3299999156734e-05,8.74000033945777e-06,2.3299999156734e-05,8.74000033945777e-06,0.00106697797309607,11.3475,3.86422616429627e-05,8.77059459686279,0,0,0.944444000720978,19,361,6859,1.205743244
1979,0,200,490,1,0,0,0,1,0.00328999990597367,0.000811000005342066,0.00328999990597367,0.000811000005342066,0.0685682520270348,11.3475,0.0332582071423531,8.28601741790771,0,0,0.743589997291565,19,361,6859,1.205743244
1979,1,620,510,0,0,0,0,0,-0.0172899998724461,0,0.0172899998724461,0,0.618849039077759,11.3475,0.174059957265854,8.08240222930908,0,0,0.692308008670807,6,36,216,1.205743244
1979,0,436,483,1,1,0,1,0,0,0.0167999994009733,0,0.0167999994009733,0.931262612342834,11.3475,-0.193077027797699,6.77650690078735,1,0,0.824786007404327,19,361,6859,1.205743244
1980,0,365,663,1,0,0,0,0,0.000130999993416481,0.00017699999443721,0.000130999993416481,0.00017699999443721,0.00465446710586548,11.9275,-0.000127052888274193,7.40731763839722,0,0,0.628205001354218,9,81,729,2.961151771
1980,0,2,910,1,0,0,0,1,6.50000001769513e-05,0,6.50000001769513e-05,0,0.00117619871161878,11.9275,-9.1231195256114e-06,9.11018848419189,0,1,0.39316201210022,5,25,125,2.961151771
1980,0,572,2,1,0,0,0,0,-1.67800008057384e-05,-3.54900003003422e-05,1.67800008057384e-05,3.54900003003422e-05,0.00017021615349222,11.9275,-7.56978988647461e-05,9.02159786224365,0,0,0.39316201210022,12,144,1728,2.961151771
1980,0,433,432,1,1,0,1,0,-0.00211800006218255,-0.00498099997639656,0.00211800006218255,0.00498099997639656,0.777070879936218,11.9275,-0.151189059019089,6.47543287277222,1,0,0.991452991962433,20,400,8000,2.961151771
1980,1,645,630,1,1,1,0,0,0,0,0,0,0.410174578428268,11.9275,-0.00999388098716736,6.06842565536499,1,0,0.752137005329132,0,0,0,2.961151771
1980,0,265,315,1,1,0,1,0,-0.00186399999074638,-0.0107599999755621,0.00186399999074638,0.0107599999755621,0.869210064411163,11.9275,0.0131610333919525,5.16478586196899,1,0,0.957265019416809,11,121,1331,2.961151771
1980,0,450,365,1,0,0,0,0,-2.87200000457233e-05,-4.89400008518714e-06,2.87200000457233e-05,4.89400008518714e-06,0.000757915782742202,11.9275,0.00014185905456543,8.37101078033447,0,0,0.688033998012543,60,3600,216000,2.961151771
1980,0,812,220,1,0,0,0,0,0,0,0,0,0.0268936082720757,11.9275,0.0109915137290955,8.65608501434326,0,0,0.782051026821136,27,729,19683,2.961151771
1981,0,2,553,1,0,0,0,1,8.3200000517536e-05,4.09999993280508e-05,8.3200000517536e-05,4.09999993280508e-05,0.00154683156870306,13.0125,3.68541805073619e-06,8.97992038726807,0,0,0.379455000162125,17,289,4913,4.848554882
1981,0,200,461,1,0,0,0,1,0.00028599999495782,0.000180999995791353,0.00028599999495782,0.000180999995791353,0.0050756148993969,13.0125,-0.000582707580178976,8.05134105682373,0,0,0.597483992576599,21,441,9261,4.848554882
1981,0,315,260,1,1,0,0,0,0,0.00374000007286668,0,0.00374000007286668,0.274321556091309,13.0125,-0.0135810375213623,5.79301357269287,1,0,0.71069198846817,17,289,4913,4.848554882
1981,0,451,200,1,0,0,0,0,-0.000244800001382828,-5.58899992029183e-05,0.000244800001382828,5.58899992029183e-05,0.00683532422408462,13.0125,-0.000202298164367676,8.02845478057861,0,0,0.597483992576599,20,400,8000,4.848554882
1982,0,483,365,1,0,0,0,0,-1.90899991139304e-05,-1.47099999594502e-05,1.90899991139304e-05,1.47099999594502e-05,0.00140661955811083,11.7425,-7.18235969543457e-05,8.08702564239502,0,0,0.807128012180328,22,484,10648,4.048277922
1982,0,290,710,1,0,0,0,0,-0.000370499998098239,-0.00213899998925626,0.000370499998098239,0.00213899998925626,0.124854408204556,11.7425,0.00857585668563843,8.36985301971436,0,0,0.886792004108429,37,1369,50653,4.048277922
1982,0,220,471,1,0,0,0,1,0.000559000007342547,0.000163999997312203,0.000559000007342547,0.000163999997312203,0.0205445624887943,11.7425,0.0313659906387329,8.05801105499268,0,0,0.773585021495819,22,484,10648,4.048277922
1982,0,2,230,1,0,0,1,1,0.00227000005543232,0.00170000002253801,0.00227000005543232,0.00170000002253801,0.0636247992515564,11.7425,0.00929694250226021,8.23932933807373,0,1,0.580712974071503,37,1369,50653,4.048277922
1982,1,160,200,1,0,0,0,0,-0.0050760000012815,-0.00273000006563962,0.0050760000012815,0.00273000006563962,0.243999719619751,11.7425,0.036996066570282,8.84347057342529,0,0,0.446541011333466,5,25,125,4.048277922
1982,1,666,652,1,1,1,0,1,0,0.00286999996751547,0,0.00286999996751547,0.875809490680695,11.7425,0.0620295107364655,4.89784002304077,1,0,0.756812989711761,0,0,0,4.048277922
1982,0,710,52,1,0,0,0,0,1.06999996205559e-05,1.54000008478761e-05,1.06999996205559e-05,1.54000008478761e-05,0.00137383223045617,11.7425,-0.000442495016613975,9.0991849899292,0,0,0.597483992576599,20,400,8000,4.048277922
1982,0,260,211,1,1,0,1,1,0,0,0,0,0.188211262226105,11.7425,-0.0115002393722534,4.79579067230225,1,1,1,27,729,19683,4.048277922
1982,0,385,710,1,0,0,0,1,0.000218000001041219,-0.000294299999950454,0.000218000001041219,0.000294299999950454,0.0147936251014471,11.7425,0.000391006469726562,8.38183116912842,0,0,0.773585021495819,37,1369,50653,4.048277922
1983,0,481,2,1,0,0,0,0,-3.19799983117264e-05,-3.25500004692003e-05,3.19799983117264e-05,3.25500004692003e-05,0.000510037702042609,10.25,-3.814697265625e-05,8.70250988006592,0,0,0.383332997560501,23,529,12167,3.224560685
1983,0,437,432,1,1,0,1,0,-0.00435699988156557,-0.0018870000494644,0.00435699988156557,0.0018870000494644,0.782883167266846,10.25,-0.0216657221317291,6.09582471847534,1,0,1,23,529,12167,3.224560685
1983,0,510,553,1,1,0,1,0,-0.00220700004138052,-0.00617100019007921,0.00220700004138052,0.00617100019007921,0.283880531787872,10.25,0.0658017322421074,6.4329400062561,1,0,0.9375,19,361,6859,3.224560685
1983,0,220,385,1,0,0,1,1,0,0.000984000042080879,0,0.000984000042080879,0.072452187538147,10.25,0.00221522152423859,6.72623348236084,0,1,0.987500011920929,38,1444,54872,3.224560685
1984,0,439,710,1,0,0,0,0,-4.08099986088928e-05,-5.61400011065416e-05,4.08099986088928e-05,5.61400011065416e-05,0.00251248525455594,10.1725,0.000117123126983643,8.86432266235352,0,0,0.776398003101349,24,576,13824,3.995910189
1984,0,365,57,1,0,0,0,0,-2.7789999990091e-07,4.05000008640855e-07,2.7789999990091e-07,4.05000008640855e-07,2.65460948867258e-05,10.1725,NA,8.6678524017334,0,NA,0.449274986982346,5,25,125,3.995910189
1984,0,200,435,1,0,0,0,1,0.000349000009009615,0.000571999989915639,0.000349000009009615,0.000571999989915639,0.00446431245654821,10.1725,-0.0151484832167625,7.81075811386108,0,0,0.523810029029846,24,576,13824,3.995910189
1984,0,615,432,1,1,0,1,0,-0.00242700008675456,-0.001587999984622,0.00242700008675456,0.001587999984622,0.170338496565819,10.1725,-0.0070800743997097,7.4972071647644,1,0,0.585920989513397,22,484,10648,3.995910189
1985,0,710,830,1,0,0,0,0,0.000249000004259869,0.000958000018727034,0.000249000004259869,0.000958000018727034,0.00821323972195387,10.09,0.00120243616402149,7.93272113800049,0,0,0.962732970714569,20,400,8000,4.181133297
1985,0,811,800,1,1,1,0,0,0.0116999996826053,0.0208000000566244,0.0116999996826053,0.0208000000566244,0.242999389767647,10.09,-0.0944353342056274,5.81114101409912,1,NA,0.975154995918274,0,0,0,4.181133297
1985,0,220,770,1,0,0,0,1,0,0.00343000004068017,0,0.00343000004068017,0.425667494535446,10.09,-0.035178005695343,8.2122974395752,0,0,0.776398003101349,38,1444,54872,4.181133297
1985,0,481,411,1,1,0,1,0,0,-0.0121299996972084,0,0.0121299996972084,0.501764297485352,10.09,0.2371706366539,5.46383190155029,1,0,0.962732970714569,12,144,1728,4.181133297
1985,0,680,220,1,0,0,0,0,-0.000656799995340407,-0.00145700003486127,0.000656799995340407,0.00145700003486127,0.0124850999563932,10.09,0.00542992353439331,8.15536212921143,0,0,0.536231994628906,18,324,5832,4.181133297
1986,0,2,110,1,0,0,1,1,2.76999999186955e-05,4.80999988212716e-05,2.76999999186955e-05,4.80999988212716e-05,0.0005567119223997,9.4625,0.00135180249344558,7.82923269271851,0,0,0.362318992614746,20,400,8000,5.346133297
1986,0,800,365,1,0,0,0,0,-0.00037630001315847,-0.000303899985738099,0.00037630001315847,0.000303899985738099,0.0258063357323408,9.4625,-0.000239074230194092,8.38822269439697,0,0,0.821946024894714,23,529,12167,5.346133297
1986,0,365,438,1,0,0,0,0,-1.24400003187475e-05,1.41000000439817e-05,1.24400003187475e-05,1.41000000439817e-05,0.00175481103360653,9.4625,-0.000585086410865188,8.34877490997314,0,0,0.635610997676849,28,784,21952,5.346133297
1986,0,660,2,1,0,0,0,0,0,-8.74199977261014e-05,0,8.74199977261014e-05,0.0027920447755605,9.4625,-0.00375711917877197,8.66871166229248,0,0,0.151139006018639,40,1600,64000,5.346133297
1986,0,220,235,1,0,0,1,1,-0.00227000005543232,-0.00670500006526709,0.00227000005543232,0.00670500006526709,0.100106470286846,9.4625,-0.0153368562459946,6.80682945251465,0,1,0.987577974796295,42,1764,74088,5.346133297
1986,0,790,200,1,0,0,0,0,-0.000833800004329532,-0.00038819998735562,0.000833800004329532,0.00038819998735562,0.0284579750150442,9.4625,-0.00472396612167358,8.42507743835449,0,0,0.788820028305054,66,4356,287496,5.346133297
1986,0,385,365,1,1,1,0,1,0.000132000001030974,-5.17100015713368e-05,0.000132000001030974,5.17100015713368e-05,0.00988262984901667,9.4625,-0.000160753726959229,6.92951679229736,1,0,0.635610997676849,2,4,8,5.346133297
1986,0,51,200,1,0,0,0,1,-0.000124300000607036,0,0.000124300000607036,0,0.00791806913912296,9.4625,-0.000176608562469482,8.45254802703857,0,1,0.440993994474411,24,576,13824,5.346133297
1986,0,490,500,1,1,0,1,0,0.00127000000793487,0.0121999997645617,0.00127000000793487,0.0121999997645617,0.300578653812408,9.4625,-0.244801804423332,7.11963558197021,1,0,0.950311005115509,8,64,512,5.346133297
1986,1,710,816,1,1,0,0,0,0.00338999996893108,0.0093599995598197,0.00338999996893108,0.0093599995598197,0.0677910447120667,9.4625,0.0221834480762482,7.2772479057312,1,0,0.958591997623444,0,0,0,5.346133297
1987,0,552,710,1,0,0,0,0,-0.000275400001555681,-0.000828100019134581,0.000275400001555681,0.000828100019134581,0.00720235984772444,9.315,0.00226223468780518,8.82025623321533,0,0,0.962732970714569,22,484,10648,4.98196663
1987,0,516,490,1,1,0,1,0,-0.000963300000876188,-0.00936499983072281,0.000963300000876188,0.00936499983072281,0.0885604023933411,9.315,0.0564082264900208,6.87935590744019,1,0,1,25,625,15625,4.98196663
1987,0,200,830,1,0,0,0,1,0.00164000003132969,0.00301999994553626,0.00164000003132969,0.00301999994553626,0.0422969907522202,9.315,0.00299784541130066,8.81759357452393,0,0,0.788820028305054,22,484,10648,4.98196663
1987,0,710,670,1,0,0,0,0,0.00329999998211861,0.00929000042378902,0.00329999998211861,0.00929000042378902,0.0392181575298309,9.315,-0.0131467878818512,8.31923007965088,0,0,0.751552999019623,60,3600,216000,4.98196663
1987,0,615,2,1,0,0,0,0,-0.000610099988989532,-0.000829799973871559,0.000610099988989532,0.000829799973871559,0.0150242215022445,9.315,0.00328493118286133,8.34877490997314,0,0,0.163561001420021,25,625,15625,4.98196663
1987,0,710,780,1,0,0,0,0,0.000146999998833053,0.000388999993447214,0.000146999998833053,0.000388999993447214,0.00807430688291788,9.315,0.000523039139807224,8.0746488571167,0,0,0.962732970714569,39,1521,59319,4.98196663
1988,0,771,710,1,0,0,0,0,-0.000994400004856288,-0.00177400000393391,0.000994400004856288,0.00177400000393391,0.0425402745604515,9.12,0.00273501873016357,7.54009008407593,0,0,0.954451024532318,17,289,4913,5.58696663
1988,0,225,365,1,0,0,0,1,0,-0.000123799996799789,0,0.000123799996799789,0.00986077170819044,9.12,5.2034854888916e-05,7.26122522354126,0,0,0.821946024894714,175,30625,5359375,5.58696663
1988,0,590,200,1,0,0,0,1,0,-3.86500005333801e-06,0,3.86500005333801e-06,0.0027856717351824,9.12,-7.98702239990234e-05,8.70830917358398,0,1,0.788820028305054,20,400,8000,5.58696663
1989,0,200,552,1,0,0,0,1,0.000820000015664846,0.0021100000012666,0.000820000015664846,0.0021100000012666,0.0345702841877937,9.2625,0.0207838788628578,8.54714012145996,0,0,0.788820028305054,22,484,10648,6.00196663
1989,0,501,530,1,1,0,1,0,0.00744999991729856,0.00594000006094575,0.00744999991729856,0.00594000006094575,0.365459710359573,9.2625,0.0322712063789368,6.57786130905151,1,0,0.987577974796295,26,676,17576,6.00196663
1989,0,2,940,1,0,0,0,1,0,0,0,0,6.75849587423727e-05,9.2625,3.0849199106342e-07,9.03574848175049,0,1,0.374740988016129,11,121,1331,6.00196663
1989,0,694,220,1,0,0,0,0,-0.00205300003290176,0,0.00205300003290176,0,0.0237738266587257,9.2625,-0.00202423334121704,8.0372200012207,0,0,0.552794992923737,18,324,5832,6.00196663
1989,0,160,140,1,1,0,1,1,0.00509000010788441,0.0058699999935925,0.00509000010788441,0.0058699999935925,0.362497627735138,9.2625,0.00782108306884766,7.28756046295166,1,1,1,5,25,125,6.00196663
1989,0,910,850,1,1,0,0,1,-0.000524799979757518,0.000180999995791353,0.000524799979757518,0.000180999995791353,0.0164528116583824,9.2625,-0.00323969125747681,7.92804574966431,1,0,0.975154995918274,0,0,0,6.00196663
1990,1,670,645,0,1,0,1,0,0,0.0118000004440546,0,0.0118000004440546,0.723535656929016,10.8775,-0.117733716964722,6.42810535430908,1,0,0.995959997177124,16,256,4096,6.813633297
1990,1,200,645,0,0,1,0,1,0.0113000003620982,0.0244999993592501,0.0113000003620982,0.0244999993592501,0.232442229986191,10.8775,-0.0309166014194489,7.84109973907471,0,0,0.507071018218994,1,1,1,6.813633297
1990,0,760,710,1,1,0,0,0,-1.19300002552336e-05,-3.51499984390102e-05,1.19300002552336e-05,3.51499984390102e-05,0.000709152314811945,10.8775,0.000128507614135742,7.47022390365601,1,0,0.963635981082916,19,361,6859,6.813633297
1990,1,325,645,0,0,0,0,1,0.0137000000104308,0.0283000003546476,0.0137000000104308,0.0283000003546476,0.304076611995697,10.8775,-0.0230415463447571,7.51370906829834,0,0,0.507071018218994,4,16,64,6.813633297
1990,1,20,645,0,0,0,0,1,0.0157999992370605,0.0274000000208616,0.0157999992370605,0.0274000000208616,0.450540214776993,10.8775,-0.0294538140296936,8.67214393615723,0,0,0.143434002995491,58,3364,195112,6.813633297
1990,1,220,645,0,0,0,0,1,0.0151000004261732,0.0252999998629093,0.0151000004261732,0.0252999998629093,0.282589554786682,10.8775,-0.0367742478847504,7.78364038467407,0,0,0.494949012994766,46,2116,97336,6.813633297
1990,1,2,645,0,0,0,0,1,0.00234999996609986,0.0059000002220273,0.00234999996609986,0.0059000002220273,0.0362398959696293,10.8775,-0.000296011567115784,8.73214340209961,0,0,0.103030003607273,1,1,1,6.813633297
1990,1,651,645,0,0,0,1,0,0.0171000007539988,0.0310999993234873,0.0171000007539988,0.0310999993234873,0.665558397769928,10.8775,-0.027459442615509,6.69084215164185,0,0,0.995959997177124,27,729,19683,6.813633297
1990,1,645,690,1,1,1,1,0,0,-0.00526299979537725,0,0.00526299979537725,0.142624258995056,10.8775,NA,5.84932470321655,1,NA,0.995959997177124,4,16,64,6.813633297
1990,1,652,645,0,1,0,1,0,0.00761999981477857,0.015599999576807,0.00761999981477857,0.015599999576807,0.608915090560913,10.8775,-0.0599591135978699,6.14632940292358,1,0,1,2,4,8,6.813633297
1990,0,200,694,1,0,0,0,1,0.00101999996695668,0,0.00101999996695668,0,0.0188494753092527,10.8775,0.027145229279995,8.08394527435303,0,0,0.503030002117157,19,361,6859,6.813633297
1991,0,920,200,1,0,0,0,1,-0.00150500005111098,0,0.00150500005111098,0,0.0325199440121651,9.9875,0.00139075517654419,9.367600440979,0,1,0.762712001800537,71,5041,357911,5.816133297
1991,0,220,713,1,0,0,0,1,0.0052000000141561,0,0.0052000000141561,0,0.336055338382721,9.9875,-0.0159947574138641,8.72712993621826,0,0,0.751411974430084,42,1764,74088,5.816133297
1991,0,630,365,1,0,0,0,0,-0.000759900023695081,-0.00209799990989268,0.000759900023695081,0.00209799990989268,0.0554719492793083,9.9875,0.00598853826522827,7.33563375473022,1,0,0.743879020214081,3,9,27,5.816133297
1991,0,200,345,1,0,0,1,1,-0.0053170002065599,-0.0053170002065599,0.0053170002065599,0.0053170002065599,0.210924088954926,9.9875,3.16500663757324e-05,6.95749759674072,0,0,0.762712001800537,44,1936,85184,5.816133297
1992,0,60,365,1,0,0,0,1,-3.59799997795562e-07,0,3.59799997795562e-07,0,1.2423701264197e-05,9.1625,0,8.6358642578125,0,NA,0.609575986862183,9,81,729,5.97446663
1992,0,345,200,1,0,0,0,0,0,0.00651999982073903,0,0.00651999982073903,0.212934851646423,9.1625,-0.01895672082901,6.95749759674072,0,0,0.81215500831604,45,2025,91125,5.97446663
1992,0,200,349,1,0,0,0,1,NA,NA,NA,NA,0.0206843055784702,9.1625,NA,6.63725805282593,0,1,0.80110502243042,0,0,0,5.97446663
1992,0,712,365,1,1,0,1,0,0,0,0,0,0.00251115253195167,9.1625,0.00386714935302734,7.96658658981323,1,1,0.974216997623444,71,5041,357911,5.97446663
