year,war,ccodea,ccodeb,original,contig.x,rivals,allies,democ_a,pow_prev,mil_prev,pow_abs,mil_abs,relpow,rate,powershift,lndistance,contig.y,dem,s_un_glo,peaceyrs,peaceyrs2,peaceyrs3,real,namea,nameb,nameyear,plotname
1822,1,220,230,1,1,0,0,0,0,0,0,0,0.27621305,3.7625,-0.053858861,6.486160755,1,0,0.826086998,0,0,0,6.041092641,FRN,SPN,FRN-SPN 1822,NA
1827,1,365,640,1,1,0,0,0,0,0.0047,0,0.0047,0.324787676,3.585,0.004634231,7.016609669,1,0,0.786666989,0,0,0,4.559085103,RUS,TUR,RUS-TUR 1827,NA
1836,0,211,220,1,1,0,1,0,0,0.0119,0,0.0119,0.320868403,3.3475,-0.023491561,5.09375,1,0,0.65517199,6,36,216,2.761462602,BEL,FRN,BEL-FRN 1836,NA
1839,0,325,200,1,0,0,0,0,-0.001494,-0.002414,0.001494,0.002414,0.059243385,3.29,0.005190253,6.345636368,0,0,0.541666985,90,8100,729000,2.78280021,ITA,UKG,ITA-UKG 1839,NA
1841,0,300,210,1,0,0,0,0,-0.008267,0,0.008267,0,0.235678032,3.385,-0.008677207,6.363028049,0,0,0.235293999,193,37249,7189057,3.358534575,AUH,NTH,AUH-NTH 1841,NA
1841,0,155,365,1,0,0,0,0,0,0.00021,0,0.00021,0.00578042,3.385,0.001894712,9.081255913,0,0,0.705882013,2,4,8,3.358534575,CHL,RUS,CHL-RUS 1841,NA
1842,0,255,327,1,0,0,0,0,0,0.00182,0,0.00182,0.07605128,3.2875,-0.008788228,6.599870682,0,0,0.371428996,141,19881,2803221,3.43475854,GMY,PAP,GMY-PAP 1842,NA
1843,1,2,70,1,1,1,0,1,-0.00185,-0.00437,0.00185,0.00437,0.119396634,3.1675,-0.078847051,7.542743683,1,0,0.888889015,0,0,0,3.363667481,USA,MEX,USA-MEX 1843,NA
1846,0,640,220,1,0,0,0,0,0,0.00115,0,0.00115,0.243582264,3.165,0.020599842,7.388328075,0,0,0.891892016,12,144,1728,3.152164384,TUR,FRN,TUR-FRN 1846,NA
1848,1,337,300,0,1,0,0,0,-0.00082,-0.00037,0.00082,0.00037,0.021564327,3.52,0.000409842,5.968707561,0,0,0.384615004,200,40000,8.00E+06,3.515688995,TUS,AUH,TUS-AUH 1848,NA
1848,0,235,300,1,0,0,0,0,0,0,0,0,0.120699197,3.52,0.01217556,7.26402998,0,0,0.179487005,85,7225,614125,3.515688995,POR,AUH,POR-AUH 1848,NA
1848,1,255,390,1,1,0,0,0,0,0.0009,0,0.0009,0.094719186,3.52,0.080098376,5.393627644,0,0,0.384615004,127,16129,2048383,3.515688995,GMY,DEN,GMY-DEN 1848,NA
1848,1,325,300,1,1,0,0,0,-0.00075,0,0.00075,0,0.153839827,3.52,0.013524592,6.137727261,1,0,0.333332986,26,676,17576,3.515688995,ITA,AUH,ITA-AUH 1848,NA
1848,1,332,300,0,1,0,1,0,-0.00024,-0.00025,0.00024,0.00025,0.005194175,3.52,0.000875771,5.874930859,1,0,0.384615004,6,36,216,3.515688995,MOD,AUH,MOD-AUH 1848,NA
1849,1,220,327,0,0,0,0,1,-0.00028,0,0.00028,0,0.02844052,3.2525,0.014613273,6.533788681,0,0,0.897436023,38,1444,54872,3.102882755,FRN,PAP,FRN-PAP 1849,NA
1849,0,220,210,1,0,0,0,1,0,-0.005963,0,0.005963,0.08962024,3.2525,0.010743506,5.583496094,0,0,0.897436023,15,225,3375,3.102882755,FRN,NTH,FRN-NTH 1849,NA
1849,1,300,327,1,1,0,0,0,-0.00037,0,0.00037,0,0.059214681,3.2525,0.019082,6.161207199,1,0,0.794871986,0,0,0,3.102882755,AUH,PAP,AUH-PAP 1849,NA
1849,1,329,327,0,1,0,0,0,0,-0.0003,0,0.0003,0.31609121,3.2525,0.061053291,4.770684719,1,0,0.897436023,41,1681,68921,3.102882755,SIC,PAP,SIC-PAP 1849,NA
1851,1,140,160,1,1,0,0,0,0.011,0.030999999,0.011,0.030999999,0.320632488,3.1125,-0.041858181,7.287560463,1,0,0.899999976,10,100,1000,2.277156232,BRA,ARG,BRA-ARG 1851,La Plata War
1853,1,640,365,1,1,0,0,0,0,0,0,0,0.305617481,3.1,0.013115168,7.016609669,1,0,0.850000024,3,9,27,1.560607815,TUR,RUS,TUR-RUS 1853,NA
1853,0,140,365,1,0,0,0,0,0,0,0,0,0.063467331,3.1,0.029987514,8.846784592,0,0,0.850000024,31,961,29791,1.560607815,BRA,RUS,BRA-RUS 1853,NA
1853,1,220,365,0,0,0,0,0,0,0,0,0,0.799270689,3.1,0.041252077,7.344072819,0,0,0.850000024,3,9,27,1.560607815,FRN,RUS,FRN-RUS 1853,NA
1853,1,200,365,0,0,0,0,0,0,0,0,0,0.676692963,3.1,-0.225718021,7.349230766,0,0,0.783333004,3,9,27,1.560607815,UKG,RUS,UKG-RUS 1853,NA
1853,0,235,200,1,0,0,0,0,0.00137,0.00536,0.00137,0.00536,0.047867581,3.1,0.031671405,6.893656254,0,0,0.983332992,21,441,9261,1.560607815,POR,UKG,POR-UKG 1853,NA
1854,0,200,275,1,0,0,0,0,0,0,0,0,0.006631049,3.2975,NA,5.981414318,0,NA,0.349593014,206,42436,8741816,1.683871833,UKG,HSG,UKG-HSG 1854,NA
1855,1,325,365,0,0,0,0,0,0,0,0,0,0.092650451,3.3525,-0.005577445,7.309881687,0,0,0.767441988,42,1764,74088,1.860802289,ITA,RUS,ITA-RUS 1855,NA
1856,1,200,630,1,0,0,0,0,-0.00024,-0.0146,0.00024,0.0146,0.015449447,3.23,0.035563655,7.914252281,0,0,0.627906978,1,1,1,1.982851122,UKG,IRN,UKG-IRN 1856,NA
1856,0,616,365,1,0,0,0,0,0.000255,0,0.000255,0,0.019400435,3.23,-0.004784167,7.512617588,0,NA,0.906976998,31,961,29791,1.982851122,TUN,RUS,TUN-RUS 1856,NA
1858,0,267,271,1,1,0,1,0,-0.005344,-0.00914,0.005344,0.00914,0.840851307,3.115,0.027898073,3.80666256,1,0,1,210,44100,9261000,2.340567731,BAD,WRT,BAD-WRT 1858,NA
1859,0,365,235,1,0,0,0,0,-0.001018,-0.001398,0.001018,0.001398,0.058294501,3.195,0.020988833,7.795235157,0,0,0.833333015,46,2116,97336,2.52047049,RUS,POR,RUS-POR 1859,NA
1859,1,220,300,1,0,0,0,0,0.00349,0.00516,0.00349,0.00516,0.518827558,3.195,0.023642421,6.464588165,0,0,0.42424199,10,100,1000,2.52047049,FRN,AUH,FRN-AUH 1859,NA
1859,1,230,600,1,0,0,0,0,0.00119,0,0.00119,0,0.048250385,3.195,0.101185828,6.159095287,0,0,0.909090996,12,144,1728,2.52047049,SPN,MOR,SPN-MOR 1859,NA
1859,1,325,300,1,1,0,0,0,0,0,0,0,0.148906097,3.195,-0.143530548,6.137727261,1,0,0.363635987,5,25,125,2.52047049,ITA,AUH,ITA-AUH 1859,NA
1860,1,325,327,1,0,0,0,0,0,0,0,0,0.371823639,3.2175,0.049651258,5.786897182,0,0,0.913043022,140,19600,2744000,2.591866926,ITA,PAP,ITA-PAP 1860,NA
1860,0,245,255,1,0,0,1,0,-0.004697,-0.01059,0.004697,0.01059,0.125608981,3.2175,-0.097725093,5.746203423,1,0,1,9,81,729,2.591866926,BAV,GMY,BAV-GMY 1860,NA
1860,1,325,329,1,0,0,0,0,0,0,0,0,0.754584372,3.2175,0.038332388,6.093569756,1,0,0.913043022,140,19600,2744000,2.591866926,ITA,SIC,ITA-SIC 1860,NA
1861,0,300,230,1,0,0,0,0,0.00168,0,0.00168,0,0.349968016,3.2875,0.021978557,7.023758888,0,0,0.476190001,37,1369,50653,2.713032905,AUH,SPN,AUH-SPN 1861,NA
1861,1,220,70,1,0,0,0,0,0,0,0,0,0.048735682,3.2875,0.013357069,8.651549339,0,0,0.761905015,21,441,9261,2.713032905,FRN,MEX,FRN-MEX 1861,NA
1863,1,150,140,1,1,0,0,0,0,0,0,0,0.088553309,3.2575,-0.102823138,6.813444614,1,0,0.853658974,0,0,0,2.726254446,PAR,BRA,PAR-BRA 1863,NA
1863,1,100,130,1,1,0,0,0,0.00595,0.032699998,0.00595,0.032699998,0.391611338,3.2575,0.368988037,6.11368227,1,0,0.902438998,0,0,0,2.726254446,COL,ECU,COL-ECU 1863,NA
1863,1,255,390,1,1,0,0,0,-0.00117,-0.00181,0.00117,0.00181,0.094003342,3.2575,0.037443735,5.393627644,0,0,0.414633989,13,169,2197,2.726254446,GMY,DEN,GMY-DEN 1863,NA
1863,1,300,390,0,0,0,0,0,0,0,0,0,0.070807554,3.2575,0.022482812,6.291569233,0,0,0.365853995,100,10000,1.00E+06,2.726254446,AUH,DEN,AUH-DEN 1863,NA
1863,0,300,616,1,0,0,0,0,0,0.000866,0,0.000866,0.032585971,3.2575,NA,6.742880821,0,NA,0.365853995,38,1444,54872,2.726254446,AUH,TUN,AUH-TUN 1863,NA
1864,0,255,135,1,0,0,0,0,0,0.00329,0,0.00329,0.037413716,3.3475,-0.022935398,8.839566231,0,0,0.414633989,25,625,15625,2.775941675,GMY,PER,GMY-PER 1864,NA
1865,1,230,135,0,0,0,0,0,0,0.0039,0,0.0039,0.076734848,3.37,0.019425184,8.685246468,0,0,0.804877996,0,0,0,2.746827904,SPN,PER,SPN-PER 1865,NA
1865,1,150,160,0,1,0,0,0,-0.00471,-0.00742,0.00471,0.00742,0.318025023,3.37,-0.04593657,6.472346306,1,0,0.853658974,13,169,2197,2.746827904,PAR,ARG,PAR-ARG 1865,NA
1865,0,325,616,1,0,0,0,0,-0.007905,-0.005075,0.007905,0.005075,0.162910983,3.37,NA,6.375024796,0,NA,0.869919002,40,1600,64000,2.746827904,ITA,TUN,ITA-TUN 1865,NA
1865,1,230,155,1,0,0,0,0,0.00268,0,0.00268,0,0.052613258,3.37,0.041917577,8.803274155,0,0,0.853658974,0,0,0,2.746827904,SPN,CHL,SPN-CHL 1865,NA
1866,1,280,275,0,0,0,1,0,0.00466,0.0102,0.00466,0.0102,0.436291993,3.43,NA,5.739792824,0,NA,1,23,529,12167,2.793269304,MEC,HSG,MEC-HSG 1866,NA
1866,1,255,269,0,1,0,1,0,0.0025,-0.00135,0.0025,0.00135,0.130694404,3.43,0.031519637,4.634728909,1,0,0.951219022,1,1,1,2.793269304,GMY,SAX,GMY-SAX 1866,NA
1866,1,280,267,0,0,0,1,0,0,0,0,0,0.344811291,3.43,0.13340205,5.986452103,0,NA,1,23,529,12167,2.793269304,MEC,BAD,MEC-BAD 1866,NA
1866,1,255,273,0,0,0,1,0,-0.00065,-0.00073,0.00065,0.00073,0.021332143,3.43,NA,5.225746632,1,NA,0.951219022,15,225,3375,2.793269304,GMY,HSE,GMY-HSE 1866,NA
1866,1,325,300,0,1,0,0,0,-0.02045,-0.024499999,0.02045,0.024499999,0.362998754,3.43,0.078601718,6.137727261,1,0,0.447153986,6,36,216,2.793269304,ITA,AUH,ITA-AUH 1866,NA
1866,1,280,240,0,1,0,1,0,0.00413,0.00255,0.00413,0.00255,0.182976201,3.43,NA,5.030437946,1,NA,1,23,529,12167,2.793269304,MEC,HAN,MEC-HAN 1866,NA
1866,1,280,269,0,1,0,1,0,0.00575,0.00249,0.00575,0.00249,0.087399825,3.43,0.085809886,5.393627644,0,NA,1,23,529,12167,2.793269304,MEC,SAX,MEC-SAX 1866,NA
1866,1,255,267,0,0,0,1,0,-0.00097,-0.00159,0.00097,0.00159,0.028894993,3.43,0.014427807,5.826000214,1,0,0.951219022,165,27225,4492125,2.793269304,GMY,BAD,GMY-BAD 1866,NA
1866,1,255,245,0,0,0,1,0,0,0,0,0,0.139031053,3.43,0.009272173,5.746203423,1,0,0.951219022,15,225,3375,2.793269304,GMY,BAV,GMY-BAV 1866,NA
1866,1,255,271,0,0,0,1,0,-0.00072,0,0.00072,0,0.031864345,3.43,0.006607343,5.758901596,1,0,0.951219022,15,225,3375,2.793269304,GMY,WRT,GMY-WRT 1866,NA
1866,1,280,271,0,0,0,1,0,0.00213,0.00547,0.00213,0.00547,0.304896265,3.43,0.079319656,5.961005211,0,NA,1,23,529,12167,2.793269304,MEC,WRT,MEC-WRT 1866,NA
1866,1,280,273,0,0,0,1,0,0,0.00268,0,0.00268,0.46279785,3.43,NA,5.398162842,0,NA,1,23,529,12167,2.793269304,MEC,HSE,MEC-HSE 1866,NA
1866,1,255,275,0,0,0,1,0,-0.000322,0.00045,0.000322,0.00045,0.022319881,3.43,NA,5.568344593,1,NA,0.951219022,165,27225,4492125,2.793269304,GMY,HSG,GMY-HSG 1866,NA
1866,1,255,240,0,1,0,1,0,0,-0.00104,0,0.00104,0.053438541,3.43,NA,5.036952496,1,NA,0.951219022,1,1,1,2.793269304,GMY,HAN,GMY-HAN 1866,NA
1866,1,255,300,1,1,0,1,0,-0.00726,-0.00856,0.00726,0.00856,0.752490163,3.43,-0.014270246,5.786897182,1,0,0.853658974,0,0,0,2.793269304,GMY,AUH,GMY-AUH 1866,NA
1866,1,280,245,0,0,0,1,0,0.0022,0,0.0022,0,0.075984374,3.43,0.023420632,6.021023273,0,NA,1,23,529,12167,2.793269304,MEC,BAV,MEC-BAV 1866,NA
1866,1,280,300,0,0,0,1,0,0,0,0,0,0.007604035,3.43,0.001972079,6.100318909,0,NA,0.902438998,23,529,12167,2.793269304,MEC,AUH,MEC-AUH 1866,NA
1870,1,245,255,0,0,0,1,0,0.0043,0.00849,0.0043,0.00849,0.127341121,3.27,-0.004918516,5.746203423,1,0,0.837837994,3,9,27,3.071919949,BAV,GMY,BAV-GMY 1870,NA
1870,1,267,255,0,0,0,1,0,0.0012,0.00248,0.0012,0.00248,0.025619935,3.27,NA,5.826000214,1,0,0.837837994,3,9,27,3.071919949,BAD,GMY,BAD-GMY 1870,NA
1870,1,271,255,0,0,0,1,0,0.00102,0.00105,0.00102,0.00105,0.028202059,3.27,NA,5.758901596,1,0,0.837837994,3,9,27,3.071919949,WRT,GMY,WRT-GMY 1870,NA
1870,1,220,255,1,1,1,0,0,0.00837,0.00917,0.00837,0.00917,0.472839594,3.27,-0.071068555,6.300786018,1,0,0.639639974,3,9,27,3.071919949,FRN,GMY,FRN-GMY 1870,NA
1874,0,300,145,1,0,0,0,0,0,0,0,0,0.009044607,3.2625,0.006536537,8.827907562,0,0,0.656566024,26,676,17576,3.763807703,AUH,BOL,AUH-BOL 1874,NA
1874,0,220,600,1,0,0,0,0,0.000192,0,0.000192,0,0.012220686,3.2625,0.000368052,7.029087543,0,0,0.757575989,27,729,19683,3.763807703,FRN,MOR,FRN-MOR 1874,NA
1875,0,630,640,1,1,0,0,0,-0.002722,0,0.002722,0,0.16675432,3.215,-0.299340487,6.960347652,1,0,0.882353008,20,400,8000,3.920052032,IRN,TUR,IRN-TUR 1875,NA
1875,0,255,2,1,0,0,0,0,-0.01102,-0.01733,0.01102,0.01733,0.630884409,3.215,0.094698519,8.336151123,0,0,0.843137026,99,9801,970299,3.920052032,GMY,USA,GMY-USA 1875,NA
1876,1,365,640,1,1,1,0,0,0,0,0,0,0.265646458,3.175,-0.113761976,7.016609669,1,0,0.847618997,19,361,6859,4.054776608,RUS,TUR,RUS-TUR 1876,NA
1876,1,90,92,1,1,0,0,0,0.175999999,0.372999996,0.175999999,0.372999996,0.703796983,3.175,-0.08231163,4.691348076,1,0,0.885713995,1,1,1,4.054776608,GUA,SAL,GUA-SAL 1876,NA
1878,0,651,200,1,0,0,0,0,0,0,0,0,0.021140687,3.17,0.004685044,7.688455582,0,NA,0.765766025,23,529,12167,4.328209377,EGY,UKG,EGY-UKG 1878,NA
1879,0,255,740,1,0,0,0,0,-0.008748,0.00473,0.008748,0.00473,0.287060946,3.09,0.009532288,8.621192932,0,0,0.837837994,19,361,6859,4.323255563,GMY,JPN,GMY-JPN 1879,NA
1879,1,155,145,1,1,0,0,0,0.00152,0,0.00152,0,0.243974268,3.09,-0.059600234,7.075809002,1,0,0.837837994,0,0,0,4.323255563,CHL,BOL,CHL-BOL 1879,NA
1879,1,155,135,0,1,0,0,0,-0.007691,-0.02187,0.007691,0.02187,0.704132915,3.09,0.073014319,7.335633755,0,0,0.837837994,6,36,216,4.323255563,CHL,PER,CHL-PER 1879,NA
1881,0,230,220,1,1,0,0,0,-0.001092,-0.00223,0.001092,0.00223,0.187941328,2.925,0.002659976,6.486160755,1,0,0.891892016,57,3249,185193,4.212530236,SPN,FRN,SPN-FRN 1881,NA
1882,1,200,651,1,0,0,0,1,0,0,0,0,0.021025766,2.94,NA,7.688455582,0,NA,0.819819987,27,729,19683,4.241818348,UKG,EGY,UKG-EGY 1882,NA
1882,0,300,600,1,0,0,0,0,-0.000119,-0.0001939,0.000119,0.0001939,0.030338094,2.94,0.001669819,7.342131615,0,0,0.711712003,35,1225,42875,4.241818348,AUH,MOR,AUH-MOR 1882,NA
1883,1,220,710,1,0,1,0,1,0,0,0,0,0.944630921,2.85,0.0196594,8.538759232,0,0,0.888889015,0,0,0,4.161277404,FRN,CHN,FRN-CHN 1883,NA
1885,0,300,90,1,0,0,0,0,0,0,0,0,0.006648495,2.8625,-0.008837398,8.73536396,0,0,0.648148,17,289,4913,4.106203827,AUH,GUA,AUH-GUA 1885,Second Central American War
1885,1,90,92,1,1,0,0,0,0.017000001,0.035999998,0.017000001,0.035999998,0.673248291,2.8625,-0.395928204,4.691348076,1,0,0.888889015,8,64,512,4.106203827,GUA,SAL,GUA-SAL 1885,Second Central American War
1887,0,145,160,1,1,0,0,0,0.00307,0,0.00307,0,0.173983261,2.75,-0.002151251,7.231287003,1,0,0.894737005,20,400,8000,3.746625632,BOL,ARG,BOL-ARG 1887,NA
1888,0,200,630,1,0,0,0,1,0.0017,0.00672,0.0017,0.00672,0.026897218,2.6425,-0.014704049,7.914252281,0,0,0.78947401,30,900,27000,3.485260503,UKG,IRN,UKG-IRN 1888,NA
1888,0,200,130,1,0,0,0,1,8.52E-05,0.000324,8.52E-05,0.000324,0.001668603,2.6425,-0.004190342,8.654866219,0,0,0.78947401,34,1156,39304,3.485260503,UKG,ECU,UKG-ECU 1888,NA
1889,0,160,255,1,0,0,0,0,-0.0007943,-0.001744,0.0007943,0.001744,0.026977513,2.645,0.002072275,8.911260605,0,0,0.701753974,48,2304,110592,3.339169134,ARG,GMY,ARG-GMY 1889,NA
1889,0,365,100,1,0,0,0,0,0,0,0,0,0.008477475,2.645,-0.001286851,8.822616577,0,0,0.859649003,58,3364,195112,3.339169134,RUS,COL,RUS-COL 1889,NA
1890,0,300,70,1,0,0,0,0,0,0,0,0,0.127310112,2.6875,-0.035201199,8.750366211,0,0,0.649123013,59,3481,205379,3.258994024,AUH,MEX,AUH-MEX 1890,NA
1890,0,145,220,1,0,0,0,0,0,0.000196,0,0.000196,0.004316933,2.6875,3.99E-05,8.738254547,0,0,0.894737005,42,1764,74088,3.258994024,BOL,FRN,BOL-FRN 1890,NA
1891,0,380,220,1,0,0,0,0,-0.0004902,0,0.0004902,0,0.103529289,2.7025,0.002099097,6.866933346,0,0,0.859649003,77,5929,456533,3.185657648,SWD,FRN,SWD-FRN 1891,NA
1893,0,145,200,1,0,0,0,0,0,0.000354,0,0.000354,0.002139068,2.62,0.0022223,8.735525131,0,0,0.78947401,45,2025,91125,2.974808828,BOL,UKG,BOL-UKG 1893,NA
1893,0,325,155,1,0,0,0,0,0,0,0,0,0.064109616,2.62,0.005787419,8.910181046,0,0,0.684211016,9,81,729,2.974808828,ITA,CHL,ITA-CHL 1893,NA
1893,1,220,800,1,0,0,0,1,0,-0.00087,0,0.00087,0.020715084,2.62,-0.005300214,8.678461075,0,0,0.842104971,6,36,216,2.974808828,FRN,THI,FRN-THI 1893,NA
1894,1,740,710,1,0,1,0,0,-0.0008631,-0.005641,0.0008631,0.005641,0.199435487,2.54,-0.027733207,7.174724102,0,0,0.846153975,8,64,512,2.813076551,JPN,CHN,JPN-CHN 1894,NA
1894,0,200,360,1,0,0,0,1,0.000671,0.00165,0.000671,0.00165,0.022048753,2.54,-0.002002537,7.170119762,0,0,0.709402025,16,256,4096,2.813076551,UKG,ROM,UKG-ROM 1894,NA
1894,0,380,365,1,0,0,0,0,0,-0.0006067,0,0.0006067,0.105436355,2.54,0.002716541,6.638567924,1,0,0.829060018,84,7056,592704,2.813076551,SWD,RUS,SWD-RUS 1894,NA
1895,0,92,255,1,0,0,0,0,-7.39E-05,-0.0002217,7.39E-05,0.0002217,0.002527188,2.4075,-0.002094805,8.697846413,0,0,0.743589997,20,400,8000,2.567949327,SAL,GMY,SAL-GMY 1895,NA
1896,0,740,230,1,0,0,0,0,-0.003871,-0.01835,0.003871,0.01835,0.911505103,2.3025,-0.064259559,8.809265137,0,0,0.897436023,36,1296,46656,2.32857918,JPN,SPN,JPN-SPN 1896,NA
1896,0,230,365,1,0,0,0,0,0,0,0,0,0.203198418,2.3025,0.010045648,7.668560982,0,0,0.794871986,72,5184,373248,2.32857918,SPN,RUS,SPN-RUS 1896,NA
1896,0,365,150,1,0,0,0,0,2.05E-05,3.40E-05,2.05E-05,3.40E-05,0.001189023,2.3025,0.01411585,8.96877861,0,0,0.794871986,20,400,8000,2.32857918,RUS,PAR,RUS-PAR 1896,NA
1896,1,350,640,1,1,1,0,1,0,0,0,0,0.126197204,2.3025,0.00639689,6.232448101,1,0,0.897436023,7,49,343,2.32857918,GRC,TUR,GRC-TUR 1896,NA
1897,0,130,300,1,0,0,0,0,0,0,0,0,0.008632606,2.265,0.002607524,8.773075104,0,0,0.726495981,43,1849,79507,2.160703635,ECU,AUH,ECU-AUH 1897,NA
1897,0,225,220,1,1,0,0,1,-0.0007279,-0.0003374,0.0007279,0.0003374,0.019888084,2.265,0.000616193,5.613128185,1,1,0.846153975,99,9801,970299,2.160703635,SWZ,FRN,SWZ-FRN 1897,NA
1898,1,2,230,1,0,0,0,1,-0.003669,-0.01252,0.003669,0.01252,0.139033511,2.2875,0.086084843,8.239329338,0,0,0.899999976,1,1,1,2.086221096,USA,SPN,USA-SPN 1898,NA
1899,0,130,740,1,0,0,0,0,0,0,0,0,0.018459745,2.38,0.00117296,9.102420807,0,0,0.902438998,39,1521,59319,2.112426261,ECU,JPN,ECU-JPN 1899,NA
1899,0,160,150,1,1,0,0,0,0,0,0,0,0.03260034,2.38,0.259762347,6.472346306,1,0,0.902438998,23,529,12167,2.112426261,ARG,PAR,ARG-PAR 1899,NA
1899,0,225,255,1,1,0,0,1,-0.0002248,0,0.0002248,0,0.016713204,2.38,0.001831412,6.150602818,1,0,0.756097972,41,1681,68921,2.112426261,SWZ,GMY,SWZ-GMY 1899,NA
1900,1,740,710,1,0,1,0,0,-0.003434,-0.01028,0.003434,0.01028,0.222414255,2.545,0.031159639,7.174724102,0,0,0.857142985,4,16,64,2.247259952,JPN,CHN,JPN-CHN 1900,NA
1900,1,365,710,1,1,1,1,0,-0.00287,0,0.00287,0,0.929610848,2.545,0.026092559,8.188966751,1,0,0.952381015,1,1,1,2.247259952,RUS,CHN,RUS-CHN 1900,NA
1900,1,2,710,1,0,0,0,1,-0.005768,-0.009512,0.005768,0.009512,0.674063981,2.545,0.053805232,8.843615532,0,0,0.857142985,29,841,24389,2.247259952,USA,CHN,USA-CHN 1900,NA
1900,1,220,710,1,0,1,0,1,0.00313,0.00339,0.00313,0.00339,0.899228275,2.545,0.027055472,8.538759232,0,0,0.90476203,1,1,1,2.247259952,FRN,CHN,FRN-CHN 1900,NA
1900,0,200,150,1,0,0,0,1,3.39E-05,7.55E-05,3.39E-05,7.55E-05,0.000730414,2.545,0.00867187,8.756367683,0,0,0.84127003,24,576,13824,2.247259952,UKG,PAR,UKG-PAR 1900,NA
1900,1,365,710,1,1,1,1,0,-0.00287,0,0.00287,0,0.929610848,2.545,0.026092559,8.188966751,1,0,0.952381015,1,1,1,2.247259952,RUS,CHN,RUS-CHN 1900,NA
1900,1,200,710,1,0,0,0,1,0.00258,-0.004559,0.00258,0.004559,0.573590577,2.545,0.023412734,8.529319763,0,0,0.793650985,1,1,1,2.247259952,UKG,CHN,UKG-CHN 1900,NA
1901,0,165,255,1,0,0,0,0,0,0.000323,0,0.000323,0.009270833,2.69,-0.000362515,8.901910782,0,0,0.756097972,19,361,6859,2.388620395,URU,GMY,URU-GMY 1901,NA
1903,0,200,2,1,0,0,0,1,0.00882,0.00562,0.00882,0.00562,0.849709153,2.785,0.054381371,8.207402229,0,1,0.793650985,0,0,0,2.450974506,UKG,USA,UKG-USA 1903,NA
1903,0,200,225,1,0,0,0,1,0.000304,-0.000601,0.000304,0.000601,0.012265901,2.785,0.002171716,6.144185543,0,1,0.793650985,255,65025,16581375,2.450974506,UKG,SWZ,UKG-SWZ 1903,NA
1903,1,740,365,1,1,1,1,0,-0.001939,-0.006888,0.001939,0.006888,0.238131568,2.785,-0.18208766,8.445482254,0,0,0.813952982,2,4,8,2.450974506,JPN,RUS,JPN-RUS 1903,NA
1903,0,640,360,1,0,0,0,0,0,0,0,0,0.244259045,2.785,0.018042073,6.144185543,1,0,0.761905015,25,625,15625,2.450974506,TUR,ROM,TUR-ROM 1903,NA
1904,0,90,220,1,0,0,0,0,-0.0002803,-0.0004958,0.0002803,0.0004958,0.005376698,2.86,0.002985239,8.629271507,0,0,0.857142985,36,1296,46656,2.440323944,GUA,FRN,GUA-FRN 1904,NA
1905,0,300,160,1,0,0,0,0,0.00193,0.00189,0.00193,0.00189,0.092992313,2.81,-0.0168617,8.902999878,0,0,0.767441988,64,4096,262144,2.221918134,AUH,ARG,AUH-ARG 1905,NA
1905,0,235,325,1,0,0,0,0,-0.0007456,-0.000966,0.0007456,0.000966,0.136182308,2.81,-0.034507871,7.054449558,0,0,0.689921975,98,9604,941192,2.221918134,POR,ITA,POR-ITA 1905,NA
1906,1,90,91,0,1,0,0,0,0.00926,-0.0112,0.00926,0.0112,0.254989952,2.855,-0.158116147,5.411645889,1,0,0.90476203,7,49,343,1.99268544,GUA,HON,GUA-HON 1906,NA
1906,1,90,92,1,1,0,0,0,-0.009556,-0.01455,0.009556,0.01455,0.634688497,2.855,-0.176590458,4.691348076,1,0,0.90476203,15,225,3375,1.99268544,GUA,SAL,GUA-SAL 1906,NA
1907,0,300,630,1,0,0,0,0,-0.001931,-0.004322,0.001931,0.004322,0.081967361,2.9975,-0.000896707,7.590852261,0,0,0.756097972,52,2704,140608,1.725523379,AUH,IRN,AUH-IRN 1907,NA
1907,0,300,255,1,1,0,1,0,0.0025,0.000919,0.0025,0.000919,0.36883387,2.9975,-0.010902226,5.786897182,1,0,1,40,1600,64000,1.725523379,AUH,GMY,AUH-GMY 1907,NA
1907,1,93,92,0,0,0,0,0,0,0,0,0,0.560568631,2.9975,-0.126839399,5.416100502,0,0,0.967480004,7,49,343,1.725523379,NIC,SAL,NIC-SAL 1907,NA
1907,1,93,91,1,1,1,0,0,0,0,0,0,0.823425531,2.9975,NA,5.003946304,1,NA,0.967480004,7,49,343,1.725523379,NIC,HON,NIC-HON 1907,NA
1908,0,220,100,1,0,0,0,1,0.000583,0.000645,0.000583,0.000645,0.016344788,2.9225,0.0031049,8.58821106,0,0,0.84127003,74,5476,405224,1.100987611,FRN,COL,FRN-COL 1908,NA
1909,0,220,350,1,0,0,0,1,0.000155,0,0.000155,0,0.025667273,3.0175,-0.002976855,7.173958302,0,1,0.844960988,11,121,1331,0.482386065,FRN,GRC,FRN-GRC 1909,NA
1909,1,230,600,1,0,0,0,1,0.00083,0,0.00083,0,0.07778471,3.0175,-0.028591923,6.159095287,0,0,0.875968993,0,0,0,0.482386065,SPN,MOR,SPN-MOR 1909,NA
1909,0,355,220,1,0,0,0,0,-0.002553,-0.002437,0.002553,0.002437,0.038728602,3.0175,0.004614949,6.997595787,0,0,0.798449993,1,1,1,0.482386065,BUL,FRN,BUL-FRN 1909,NA
1910,0,325,740,1,0,0,1,0,0.0112,0.018999999,0.0112,0.018999999,0.797910333,3.12,-0.056675524,8.721113205,0,0,0.674418986,50,2500,125000,-0.290099041,ITA,JPN,ITA-JPN 1910,NA
1910,0,385,380,1,1,0,0,1,-0.007316,0,0.007316,0,0.411856532,3.12,-0.007588863,5.552959442,1,0,0.891472995,5,25,125,-0.290099041,NOR,SWD,NOR-SWD 1910,NA
1911,0,220,230,1,1,0,1,1,0,0,0,0,0.201701492,3.185,0.000800669,6.486160755,1,1,0.906976998,2,4,8,-1.254440182,FRN,SPN,FRN-SPN 1911,NA
1911,0,365,345,1,0,0,0,0,0.000109,0,0.000109,0,0.01290848,3.185,-0.003142498,6.970730305,0,0,0.833333015,33,1089,35937,-1.254440182,RUS,YUG,RUS-YUG 1911,NA
1911,1,325,640,1,0,1,0,0,-0.001932,0,0.001932,0,0.577001452,3.185,-0.067538321,6.976347923,0,0,0.736433983,0,0,0,-1.254440182,ITA,TUR,ITA-TUR 1911,NA
1912,1,350,640,0,1,1,0,1,-0.0008333,0,0.0008333,0,0.118567578,3.32,-0.269503951,6.232448101,1,0,0.857142985,2,4,8,-2.281045512,GRC,TUR,GRC-TUR 1912,NA
1912,1,355,640,1,1,0,0,0,0,0,0,0,0.172169864,3.32,-0.407149851,6.274762154,1,0,0.809524,2,4,8,-2.281045512,BUL,TUR,BUL-TUR 1912,NA
1912,1,345,640,0,1,0,0,0,-0.002441,-0.002193,0.002441,0.002193,0.089180298,3.32,0.011591017,6.575075626,1,0,0.857142985,34,1156,39304,-2.281045512,YUG,TUR,YUG-TUR 1912,NA
1913,0,91,255,1,0,0,0,0,-1.56E-05,-3.29E-05,1.56E-05,3.29E-05,0.001059045,3.4275,0.000182927,8.680671692,0,0,0.666666985,14,196,2744,-3.39329378,HON,GMY,HON-GMY 1913,NA
1913,1,640,355,0,1,0,0,0,0.048999999,0.055599999,0.048999999,0.055599999,0.29263556,3.4275,NA,6.274762154,1,NA,0.809524,0,0,0,-3.39329378,TUR,BUL,TUR-BUL 1913,Second Balkan War
1913,1,360,355,0,1,0,0,0,0.057700001,0.059500001,0.057700001,0.059500001,0.511423647,3.4275,NA,5.220355988,1,NA,0.666666985,5,25,125,-3.39329378,ROM,BUL,ROM-BUL 1913,Second Balkan War
1913,1,355,350,1,1,1,1,0,-0.01257,0,0.01257,0,0.661448121,3.4275,0.483117104,5.786897182,1,NA,1,5,25,125,-3.39329378,BUL,GRC,BUL-GRC 1913,Second Balkan War
1913,0,300,93,1,0,0,0,0,0,0,0,0,0.003782917,3.4275,-0.005836453,8.726805687,0,0,0.666666985,13,169,2197,-3.39329378,AUH,NIC,AUH-NIC 1913,NA
1913,1,355,345,1,1,1,1,0,-0.040350001,-0.04267,0.040350001,0.04267,0.549215436,3.4275,0.272646546,5.323009968,1,NA,1,5,25,125,-3.39329378,BUL,YUG,BUL-YUG 1913,Second Balkan War
1913,0,220,800,1,0,0,0,1,0.00153,0.00191,0.00153,0.00191,0.033043299,3.4275,-0.009004401,8.678461075,0,0,0.84127003,19,361,6859,-3.39329378,FRN,THI,FRN-THI 1913,NA
1914,1,220,300,0,0,0,0,1,0.00308,0.00362,0.00308,0.00362,0.623287857,3.4825,-0.066422611,6.464588165,0,0,0.72092998,25,625,15625,-4.522587447,FRN,AUH,FRN-AUH 1914,"World War I, 1914"
1914,1,200,640,0,0,1,0,1,0.000955,0,0.000955,0,0.121127799,3.4825,-0.030051023,7.474205017,0,0,0.689921975,7,49,343,-4.522587447,UKG,TUR,UKG-TUR 1914,"World War I, 1914"
1914,1,255,365,0,1,0,0,0,0,0,0,0,0.848238766,3.4825,0.00530979,6.909753323,1,0,0.727272987,63,3969,250047,-4.522587447,GMY,RUS,GMY-RUS 1914,"World War I, 1914"
1914,1,200,300,0,0,0,0,1,0.00514,0.00359,0.00514,0.00359,0.341875672,3.4825,-0.068606615,6.641181946,0,0,0.596898973,49,2401,117649,-4.522587447,UKG,AUH,UKG-AUH 1914,"World War I, 1914"
1914,1,365,640,0,1,1,0,0,-0.002666,-0.003089,0.002666,0.003089,0.145453274,3.4825,-0.040381119,7.016609669,1,0,0.696969986,0,0,0,-4.522587447,RUS,TUR,RUS-TUR 1914,"World War I, 1914"
1914,1,255,211,0,1,1,0,0,-0.001145,-0.00113,0.001145,0.00113,0.112334251,3.4825,NA,6.003887177,1,NA,0.72092998,80,6400,512000,-4.522587447,GMY,BEL,GMY-BEL 1914,"World War I, 1914"
1914,1,200,255,0,0,1,0,1,0.00823,0.00412,0.00823,0.00412,0.834697008,3.4825,-0.074034899,6.359573841,0,0,0.596898973,2,4,8,-4.522587447,UKG,GMY,UKG-GMY 1914,"World War I, 1914"
1914,1,220,640,0,0,1,0,1,0,0,0,0,0.221572846,3.4825,-0.029953897,7.388328075,0,0,0.751937985,8,64,512,-4.522587447,FRN,TUR,FRN-TUR 1914,"World War I, 1914"
1914,1,255,220,0,1,1,0,0,-0.004438,-0.003797,0.004438,0.003797,0.567607939,3.4825,-0.005823225,6.300786018,1,0,0.72092998,2,4,8,-4.522587447,GMY,FRN,GMY-FRN 1914,"World War I, 1914"
1914,1,255,345,0,0,0,0,0,0.000127,0,0.000127,0,0.011793022,3.4825,-0.006734586,6.432940006,0,0,0.674418986,36,1296,46656,-4.522587447,GMY,YUG,GMY-YUG 1914,"World War I, 1914"
1914,1,211,300,0,0,0,0,1,0.00108,0.00202,0.00108,0.00202,0.321610719,3.4825,0.040158272,6.342121601,0,NA,0.72092998,84,7056,592704,-4.522587447,BEL,AUH,BEL-AUH 1914,"World War I, 1914"
1914,1,300,345,1,1,0,0,0,0.000541,0,0.000541,0,0.033853237,3.4825,-0.006736306,5.723585129,1,0,0.674418986,0,0,0,-4.522587447,AUH,YUG,AUH-YUG 1914,"World War I, 1914"
1914,1,300,365,0,1,0,0,0,0,0,0,0,0.406056225,3.4825,0.045732319,6.946976185,1,0,0.727272987,1,1,1,-4.522587447,AUH,RUS,AUH-RUS 1914,"World War I, 1914"
1915,1,325,355,0,0,0,0,0,0,0,0,0,0.130587026,3.86,0.094036117,6.320768356,0,0,0.72092998,7,49,343,-5.137687704,ITA,BUL,ITA-BUL 1915,NA
1915,1,325,300,0,1,0,1,0,0,0,0,0,0.644746304,3.86,-0.017208576,6.161207199,1,0,0.86046499,0,0,0,-5.137687704,ITA,AUH,ITA-AUH 1915,NA
1915,1,255,325,0,0,1,1,0,0,0,0,0,0.22445564,3.86,-0.005861074,6.599870682,0,0,0.813952982,0,0,0,-5.137687704,GMY,ITA,GMY-ITA 1915,NA
1915,1,355,345,0,1,1,0,0,0,0,0,0,0.606479406,3.86,NA,5.323009968,1,NA,0.72092998,0,0,0,-5.137687704,BUL,YUG,BUL-YUG 1915,NA
1915,1,325,640,0,0,1,0,0,-0.006013,-0.006497,0.006013,0.006497,0.539702773,3.86,0.03535369,6.976347923,0,0,0.674418986,3,9,27,-5.137687704,ITA,TUR,ITA-TUR 1915,NA
1915,1,355,365,0,0,0,0,0,0,0,0,0,0.035589118,3.86,-0.059195101,7.008505344,0,0,0.57575798,1,1,1,-5.137687704,BUL,RUS,BUL-RUS 1915,NA
1916,1,300,360,0,1,0,1,0,0,-0.001919,0,0.001919,0.10054037,4.3175,NA,6.280395985,1,NA,0.809524,32,1024,32768,-5.264389867,AUH,ROM,AUH-ROM 1916,"World War I, 1916"
1916,1,235,255,0,0,0,0,1,0.000696,0.00157,0.000696,0.00157,0.028271545,4.3175,0.000178218,7.270312786,0,0,0.666666985,0,0,0,-5.264389867,POR,GMY,POR-GMY 1916,"World War I, 1916"
1916,1,355,360,0,1,0,0,0,0,0,0,0,0.503981054,4.3175,NA,5.220355988,1,NA,0.714286029,2,4,8,-5.264389867,BUL,ROM,BUL-ROM 1916,"World War I, 1916"
1916,1,255,360,0,0,0,1,0,0,-0.0009706,0,0.0009706,0.034503639,4.3175,NA,6.692083836,0,NA,0.761905015,1,1,1,-5.264389867,GMY,ROM,GMY-ROM 1916,"World War I, 1916"
1916,1,235,300,0,0,0,0,1,0.00153,0.00308,0.00153,0.00308,0.082473576,4.3175,0.003956914,7.26402998,0,0,0.714286029,153,23409,3581577,-5.264389867,POR,AUH,POR-AUH 1916,"World War I, 1916"
1916,1,360,640,0,0,0,0,0,-0.008152,-0.01544,0.008152,0.01544,0.335245818,4.3175,NA,6.144185543,0,NA,0.666666985,1,1,1,-5.264389867,ROM,TUR,ROM-TUR 1916,"World War I, 1916"
1917,1,2,255,0,0,0,0,1,0,0.0165,0,0.0165,0.646675289,4.5825,-0.342992246,8.336151123,0,0,0.761905015,0,0,0,-5.001115709,USA,GMY,USA-GMY 1917,NA
1917,0,230,235,1,1,0,0,1,0,0,0,0,0.267816782,4.5825,0.042331278,5.746203423,1,1,0.857142985,75,5625,421875,-5.001115709,SPN,POR,SPN-POR 1917,NA
1917,0,145,135,1,0,0,0,0,0,-0.008296,0,0.008296,0.36553973,4.5825,0.258044362,6.508769035,1,0,0.90476203,5,25,125,-5.001115709,BOL,PER,BOL-PER 1917,NA
1917,1,350,640,0,1,1,0,0,-0.008136,-0.02593,0.008136,0.02593,0.173917726,4.5825,NA,6.232448101,0,NA,0.761905015,0,0,0,-5.001115709,GRC,TUR,GRC-TUR 1917,NA
1917,1,300,350,0,0,0,0,0,0,0,0,0,0.048044462,4.5825,NA,6.682108402,0,NA,0.761905015,19,361,6859,-5.001115709,AUH,GRC,AUH-GRC 1917,NA
1917,1,2,300,0,0,0,0,1,0,0.021,0,0.021,0.219838515,4.5825,-0.437953949,8.395703316,0,0,0.809524,63,3969,250047,-5.001115709,USA,AUH,USA-AUH 1917,NA
1917,1,355,350,0,1,0,0,0,0,0,0,0,0.659780681,4.5825,NA,5.786897182,1,NA,0.714286029,0,0,0,-5.001115709,BUL,GRC,BUL-GRC 1917,NA
1918,0,300,235,1,0,0,0,0,-0.001416,-0.003939,0.001416,0.003939,0.082010277,4.4275,NA,7.26402998,0,0,0.791666985,0,0,0,-4.482478103,AUH,POR,AUH-POR 1918,NA
1919,1,365,290,1,1,0,0,0,NA,NA,NA,NA,0.26497364,4.64,NA,6.572282314,1,0,0.918367028,1,1,1,-2.991256266,RUS,POL,RUS-POL 1919,NA
1919,1,220,640,1,0,1,0,1,-0.006582,-0.01087,0.006582,0.01087,0.182044402,4.64,NA,7.388328075,0,NA,0.916666985,0,0,0,-2.991256266,FRN,TUR,FRN-TUR 1919,NA
1919,1,350,640,1,1,1,0,0,-0.011,-0.024560001,0.011,0.024560001,0.206649229,4.64,NA,6.232448101,1,NA,0.916666985,0,0,0,-2.991256266,GRC,TUR,GRC-TUR 1919,NA
1919,1,360,310,0,1,0,0,0,NA,NA,NA,NA,0.486904532,4.64,NA,5.986452103,1,0,0.916666985,1,1,1,-2.991256266,ROM,HUN,ROM-HUN 1919,NA
1919,1,315,310,0,1,0,0,1,NA,NA,NA,NA,0.320507586,4.64,NA,5.620400906,1,0,0.916666985,1,1,1,-2.991256266,CZE,HUN,CZE-HUN 1919,NA
1920,1,290,368,1,1,0,0,1,-0.01818,-0.097139999,0.01818,0.097139999,0.053977184,5.365,0.140416741,5.501258373,1,0,0.931034982,0,0,0,-0.564284633,POL,LIT,POL-LIT 1920,NA
1920,0,94,740,1,0,0,0,1,0,-0.0002083,0,0.0002083,0.002704216,5.365,0.000152171,9.011034966,0,0,0.896552026,0,0,0,-0.564284633,COS,JPN,COS-JPN 1920,NA
1921,0,740,70,1,0,0,0,0,0.00151,0.00593,0.00151,0.00593,0.148095444,5.1975,-0.032017335,8.85779953,0,0,0.875706017,61,3721,226981,1.163219922,JPN,MEX,JPN-MEX 1921,NA
1923,0,2,150,1,0,0,0,1,-1.76E-05,-0.0001378,1.76E-05,0.0001378,0.000697432,4.295,0.009579062,8.436416626,0,0,0.899999976,47,2209,103823,3.50237033,USA,PAR,USA-PAR 1923,NA
1925,0,220,225,1,1,0,0,1,0.000466,0,0.000466,0,0.03653286,4.44,0.001119075,5.613128185,1,1,0.715847015,127,16129,2048383,5.626094078,FRN,SWZ,FRN-SWZ 1925,NA
1925,0,42,41,1,1,0,0,0,0.008,0,0.008,0,0.201395378,4.44,NA,NA,NA,NA,NA,NA,NA,NA,5.626094078,DOM,HAI,DOM-HAI 1925,NA
1926,0,325,135,1,0,0,0,0,0.0004,0.000674,0.0004,0.000674,0.037884545,4.5275,0.016057897,8.818037987,0,0,0.731182992,87,7569,658503,6.312803791,ITA,PER,ITA-PER 1926,NA
1926,0,255,385,1,0,0,0,1,0.000435,0,0.000435,0,0.020212151,4.5275,0.004450478,6.257667542,0,1,0.806451976,7,49,343,6.312803791,GMY,NOR,GMY-NOR 1926,NA
1927,0,740,530,1,0,0,0,0,-0.003392,-0.006887,0.003392,0.006887,0.111034162,4.5575,0.003510833,8.780326843,0,0,0.88359803,29,841,24389,6.73413728,JPN,ETH,JPN-ETH 1927,NA
1929,0,92,365,1,0,0,0,0,0,0,0,0,0.002403679,4.565,-3.10E-05,8.817149162,0,0,0.822916985,54,2916,157464,7.160790936,SAL,RUS,SAL-RUS 1929,NA
1929,1,365,710,1,1,1,0,0,0.00584,0.0103,0.00584,0.0103,0.740234077,4.565,-0.017807603,8.188966751,1,0,0.822916985,1,1,1,7.160790936,RUS,CHN,RUS-CHN 1929,NA
1929,0,800,255,1,0,0,0,0,-0.001527,-0.006608,0.001527,0.006608,0.030277187,4.565,0.042277217,8.585412025,0,0,0.809524,10,100,1000,7.160790936,THI,GMY,THI-GMY 1929,NA
1930,0,630,700,1,1,0,1,0,0.00797,-0.003511,0.00797,0.003511,0.681583643,4.45,0.040303588,6.914731026,1,0,0.96825403,11,121,1331,6.573636082,IRN,AFG,IRN-AFG 1930,NA
1930,0,740,255,1,0,0,0,0,-0.01224,-0.033229999,0.01224,0.033229999,0.396490037,4.45,0.111167252,8.621192932,0,0,0.84127003,11,121,1331,6.573636082,JPN,GMY,JPN-GMY 1930,NA
1930,0,2,530,1,0,0,0,1,0,-0.007948,0,0.007948,0.015971266,4.45,0.011206746,8.872346878,0,0,0.88359803,32,1024,32768,6.573636082,USA,ETH,USA-ETH 1930,NA
1931,1,740,710,1,1,1,0,0,0.00271,0.0185,0.00271,0.0185,0.398012877,4.3975,-0.031972706,7.174724102,0,0,0.90476203,2,4,8,6.798824261,JPN,CHN,JPN-CHN 1931,NA
1931,1,150,145,1,1,0,0,0,0,0.00567,0,0.00567,0.365533531,4.3975,-0.100497842,6.811244488,1,0,0.936508,0,0,0,6.798824261,PAR,BOL,PAR-BOL 1931,NA
1932,0,360,355,1,1,0,0,0,-0.019099999,-0.024219999,0.019099999,0.024219999,0.269805908,3.7525,0.081437051,5.220355988,1,0,0.770833015,5,25,125,5.119486084,ROM,BUL,ROM-BUL 1932,NA
1934,0,41,220,1,0,0,0,0,-0.0001202,-0.0001757,0.0001202,0.0001757,0.007396605,3.0775,0.001300931,8.428361893,0,0,0.692308009,0,0,0,3.105305273,HAI,FRN,HAI-FRN 1934,NA
1934,1,325,530,1,0,1,0,0,0.00247,0.00479,0.00247,0.00479,0.100836456,3.0775,-0.074737996,7.921172619,0,0,0.743589997,2,4,8,3.105305273,ITA,ETH,ITA-ETH 1934,NA
1935,0,920,325,1,0,0,0,1,0.00113,0.0015,0.00113,0.0015,0.029063914,2.9025,-0.001155138,9.353054047,0,0,0.682051003,15,225,3375,1.810351681,NEW,ITA,NEW-ITA 1935,NA
1935,0,325,93,1,0,0,0,0,8.06E-05,0.000181,8.06E-05,0.000181,0.004015369,2.9025,-0.000286911,8.717026711,0,0,0.682051003,35,1225,42875,1.810351681,ITA,NIC,ITA-NIC 1935,NA
1935,0,160,740,1,0,0,0,0,0,-0.004987,0,0.004987,0.165277719,2.9025,-0.01617831,9.341895103,0,0,0.938462019,75,5625,421875,1.810351681,ARG,JPN,ARG-JPN 1935,NA
1936,0,900,220,1,0,0,0,1,0.00117,0.0012,0.00117,0.0012,0.116900124,2.9425,0.003384948,9.26179409,0,1,0.692308009,16,256,4096,0.841891625,AUL,FRN,AUL-FRN 1936,NA
1936,0,325,560,1,0,0,0,0,-0.000694,0,0.000694,0,0.093874432,2.9425,0.000806852,8.567316055,0,0,0.743589997,16,256,4096,0.841891625,ITA,SAF,ITA-SAF 1936,NA
1936,0,70,325,1,0,0,0,0,0,0,0,0,0.184145898,2.9425,-0.005769551,8.759198189,0,0,0.538461983,105,11025,1157625,0.841891625,MEX,ITA,MEX-ITA 1936,NA
1937,0,640,365,1,1,0,1,0,0.00236,0.00781,0.00236,0.00781,0.062982559,3.3,-0.001397491,7.016609669,1,0,0.737374008,15,225,3375,0.232130903,TUR,RUS,TUR-RUS 1937,NA
1937,1,740,710,1,1,1,0,0,0,0.00707,0,0.00707,0.40452227,3.3,NA,7.174724102,0,NA,0.917949021,0,0,0,0.232130903,JPN,CHN,JPN-CHN 1937,NA
1937,0,365,91,1,0,0,0,0,-0.0001717,-0.002493,0.0001717,0.002493,0.00205915,3.3,0.00482519,8.804325104,0,0,0.242423996,38,1444,54872,0.232130903,RUS,HON,RUS-HON 1937,NA
1937,0,678,740,1,0,0,0,0,0.00069,0.00098,0.00069,0.00098,0.016272031,3.3,-0.004705548,8.684570313,0,0,0.887179017,11,121,1331,0.232130903,YAR,JPN,YAR-JPN 1937,NA
1937,0,255,366,1,0,0,0,0,0,-0.00343,0,0.00343,0.009344346,3.3,0.006946614,6.473890781,0,0,0.856410027,17,289,4913,0.232130903,GMY,EST,GMY-EST 1937,NA
1938,0,355,325,1,0,0,0,0,0,0,0,0,0.045973949,3.4075,-0.012949705,6.320768356,0,0,0.671795011,19,361,6859,-0.797857491,BUL,ITA,BUL-ITA 1938,NA
1938,1,365,740,1,1,1,0,0,-0.00297,0,0.00297,0,0.353513479,3.4075,0.041786984,8.445482254,0,0,0.444444001,0,0,0,-0.797857491,RUS,JPN,RUS-JPN 1938,NA
1939,1,900,255,0,0,0,0,1,0.00215,0.0082,0.00215,0.0082,0.079312243,3.73,-0.009367883,9.210040092,0,0,0.78125,19,361,6859,-1.174964928,AUL,GMY,AUL-GMY 1939,NA
1939,1,740,712,1,0,0,0,0,0,0,0,0,0.003679004,3.73,0.012471311,7.535296917,0,0,0.895833015,2,4,8,-1.174964928,JPN,MON,JPN-MON 1939,NA
1939,1,365,375,1,1,0,1,0,-0.000302,0,0.000302,0,0.015457364,3.73,0.015491769,6.320768356,1,0,0.446153998,18,324,5832,-1.174964928,RUS,FIN,RUS-FIN 1939,NA
1939,1,560,255,0,0,0,0,0,0.00061,0.002,0.00061,0.002,0.039140098,3.73,-0.001083195,8.697011948,0,0,0.78125,19,361,6859,-1.174964928,SAF,GMY,SAF-GMY 1939,NA
1939,1,20,255,0,0,0,0,1,0.00247,0.00439,0.00247,0.00439,0.120205186,3.73,-0.022088587,8.245646477,0,0,0.78125,19,361,6859,-1.174964928,CAN,GMY,CAN-GMY 1939,NA
1939,1,200,255,0,0,0,0,1,0.0111,0.033100002,0.0111,0.033100002,0.817006528,3.73,-0.010053396,6.359573841,0,0,0.53125,0,0,0,-1.174964928,UKG,GMY,UKG-GMY 1939,NA
1939,1,365,740,0,1,1,0,0,0,0,0,0,0.343674183,3.73,0.002274603,8.445482254,0,0,0.384615004,0,0,0,-1.174964928,RUS,JPN,RUS-JPN 1939,NA
1939,0,130,365,1,0,0,0,0,0,0,0,0,0.004309103,3.73,NA,8.885855675,0,0,0.179487005,85,7225,614125,-1.174964928,ECU,RUS,ECU-RUS 1939,NA
1939,1,220,255,0,1,1,0,1,0.00849,0.0308,0.00849,0.0308,0.676261127,3.73,-0.276194453,6.300786018,1,0,0.604166985,0,0,0,-1.174964928,FRN,GMY,FRN-GMY 1939,NA
1939,1,255,290,1,1,0,1,0,-0.0057,-0.03094,0.0057,0.03094,0.247573227,3.73,0.011059932,5.774551392,1,0,0.760416985,17,289,4913,-1.174964928,GMY,POL,GMY-POL 1939,NA
1939,1,255,211,0,1,1,0,0,-0.003074,-0.020609999,0.003074,0.020609999,0.155699,3.73,NA,6.003887177,1,NA,0.78125,0,0,0,-1.174964928,GMY,BEL,GMY-BEL 1939,NA
1939,1,920,255,0,0,0,0,1,0.000541,0.0042,0.000541,0.0042,0.011400701,3.73,3.20E-05,9.33105278,0,0,0.78125,19,361,6859,-1.174964928,NEW,GMY,NEW-GMY 1939,NA
1940,1,800,220,1,0,0,0,0,-0.0004754,0.000524,0.0004754,0.000524,0.057366498,3.385,-0.000936806,8.678461075,0,0,0.825137019,46,2116,97336,-2.280334761,THI,FRN,THI-FRN 1940,NA
1940,1,255,385,0,0,0,0,0,-0.000854,-0.004418,0.000854,0.004418,0.022618696,3.385,NA,6.257667542,0,NA,0.737704992,0,0,0,-2.280334761,GMY,NOR,GMY-NOR 1940,NA
1940,1,325,200,0,0,0,0,0,-0.002576,0,0.002576,0,0.427169472,3.385,0.185534239,6.79234457,0,0,0.595628023,0,0,0,-2.280334761,ITA,UKG,ITA-UKG 1940,NA
1940,1,255,210,0,1,0,0,0,-0.00224,-0.01227,0.00224,0.01227,0.0645165,3.385,NA,5.877735615,1,NA,0.737704992,0,0,0,-2.280334761,GMY,NTH,GMY-NTH 1940,NA
1940,1,325,350,0,0,0,0,0,-0.003691,-0.007037,0.003691,0.007037,0.121503085,3.385,0.313571125,6.483107567,0,0,0.770492017,16,256,4096,-2.280334761,ITA,GRC,ITA-GRC 1940,NA
1940,1,255,350,0,0,0,0,0,-0.002631,-0.023809999,0.002631,0.023809999,0.048175886,3.385,0.00376362,7.022868156,0,0,0.68305999,21,441,9261,-2.280334761,GMY,GRC,GMY-GRC 1940,NA
1941,1,20,740,0,0,0,0,1,0,-0.002791,0,0.002791,0.231682256,3.115,-0.051758289,8.767017365,0,0,0.703704,21,441,9261,-3.007971802,CAN,JPN,CAN-JPN 1941,"World War II, 1941"
1941,1,355,560,0,0,0,0,0,0.00454,0.0096,0.00454,0.0096,0.488617927,3.115,NA,8.576782227,0,0,0.740741014,21,441,9261,-3.007971802,BUL,SAF,BUL-SAF 1941,"World War II, 1941"
1941,1,2,360,0,0,0,0,1,0,0,0,0,0.040890045,3.115,NA,8.509160995,0,0,0.493826985,0,0,0,-3.007971802,USA,ROM,USA-ROM 1941,"World War II, 1941"
1941,1,2,355,0,0,0,0,1,0.000129,0.00176,0.000129,0.00176,0.008009127,3.115,NA,8.501063347,0,0,0.493826985,22,484,10648,-3.007971802,USA,BUL,USA-BUL 1941,"World War II, 1941"
1941,1,255,345,0,1,0,0,0,-0.003326,-0.024429999,0.003326,0.024429999,0.072245911,3.115,0.014168053,6.432940006,1,0,0.716049016,0,0,0,-3.007971802,GMY,YUG,GMY-YUG 1941,"World War II, 1941"
1941,1,355,345,0,1,1,1,0,-0.003231,0,0.003231,0,0.271245152,3.115,NA,5.323009968,1,0,0.740741014,11,121,1331,-3.007971802,BUL,YUG,BUL-YUG 1941,"World War II, 1941"
1941,1,355,365,0,0,0,0,0,0.000292,0,0.000292,0,0.01297237,3.115,NA,7.008505344,0,0,0.612120986,0,0,0,-3.007971802,BUL,RUS,BUL-RUS 1941,"World War II, 1941"
1941,1,355,900,0,0,0,0,0,0,0,0,0,0.246179163,3.115,NA,9.163877487,0,0,0.740741014,21,441,9261,-3.007971802,BUL,AUL,BUL-AUL 1941,"World War II, 1941"
1941,1,255,2,0,0,0,0,0,-0.01401,-0.039919998,0.01401,0.039919998,0.492609441,3.115,0.041772634,8.336151123,0,0,0.469136,0,0,0,-3.007971802,GMY,USA,GMY-USA 1941,"World War II, 1941"
1941,1,740,900,0,0,0,0,0,-0.002221,0,0.002221,0,0.153209373,3.115,0.024968058,8.506334305,0,0,0.703704,21,441,9261,-3.007971802,JPN,AUL,JPN-AUL 1941,"World War II, 1941"
1941,1,200,310,0,0,0,0,1,-0.00053,-0.001442,0.00053,0.001442,0.057599455,3.115,0.008983735,6.805722713,0,0,0.617284,21,441,9261,-3.007971802,UKG,HUN,UKG-HUN 1941,"World War II, 1941"
1941,1,310,350,0,0,0,0,0,-0.0022,0,0.0022,0,0.817041695,3.115,-0.33406207,6.549650669,0,0,0.716049016,23,529,12167,-3.007971802,HUN,GRC,HUN-GRC 1941,"World War II, 1941"
1941,1,740,200,0,0,0,0,0,-0.005459,0,0.005459,0,0.568674743,3.115,0.022104681,8.690642357,0,0,0.555555999,0,0,0,-3.007971802,JPN,UKG,JPN-UKG 1941,"World War II, 1941"
1941,1,2,325,0,0,0,0,1,0.00168,0.00795,0.00168,0.00795,0.161479056,3.115,-0.007519759,8.408939362,0,0,0.469136,37,1369,50653,-3.007971802,USA,ITA,USA-ITA 1941,"World War II, 1941"
1941,1,200,355,0,0,0,0,1,0,0,0,0,0.020540541,3.115,NA,7.133296013,0,0,0.592593014,22,484,10648,-3.007971802,UKG,BUL,UKG-BUL 1941,"World War II, 1941"
1941,1,325,345,0,1,0,0,0,-0.001921,0,0.001921,0,0.193176985,3.115,-0.217442721,6.107022762,1,0,0.765432,0,0,0,-3.007971802,ITA,YUG,ITA-YUG 1941,"World War II, 1941"
1941,1,255,365,0,1,0,0,0,-0.00671,-0.03015,0.00671,0.03015,0.663347185,3.115,0.073073119,6.909753323,1,0,0.612120986,0,0,0,-3.007971802,GMY,RUS,GMY-RUS 1941,"World War II, 1941"
1941,1,740,920,0,0,0,0,0,-0.000661,0,0.000661,0,0.019888489,3.115,0.02131379,8.660254478,0,0,0.703704,21,441,9261,-3.007971802,JPN,NEW,JPN-NEW 1941,"World War II, 1941"
1941,1,740,2,0,0,0,0,0,-0.005484,-0.01358,0.005484,0.01358,0.223526239,3.115,0.055518031,8.821732521,0,0,0.45679,0,0,0,-3.007971802,JPN,USA,JPN-USA 1941,"World War II, 1941"
1941,1,740,560,0,0,0,0,0,0,0,0,0,0.076358251,3.115,0.021845635,9.123256683,0,0,0.703704,21,441,9261,-3.007971802,JPN,SAF,JPN-SAF 1941,"World War II, 1941"
1941,1,355,920,0,0,0,0,0,0,0,0,0,0.53235209,3.115,NA,9.304376602,0,0,0.740741014,21,441,9261,-3.007971802,BUL,NEW,BUL-NEW 1941,"World War II, 1941"
1941,1,365,375,0,1,0,0,0,-0.0003,0,0.0003,0,0.015991148,3.115,0.024146909,6.320768356,1,0,0.721212029,0,0,0,-3.007971802,RUS,FIN,RUS-FIN 1941,"World War II, 1941"
1941,1,355,350,0,1,1,1,0,-0.00483,-0.005303,0.00483,0.005303,0.440780997,3.115,NA,5.786897182,1,0,0.69135797,0,0,0,-3.007971802,BUL,GRC,BUL-GRC 1941,"World War II, 1941"
1941,1,2,310,0,0,0,0,1,0,0,0,0,0.022237264,3.115,-0.006402736,8.425516129,0,0,0.469136,23,529,12167,-3.007971802,USA,HUN,USA-HUN 1941,"World War II, 1941"
1941,1,310,365,0,0,0,0,0,0.00127,0.00071,0.00127,0.00071,0.036439158,3.115,-0.050668001,6.881411076,1,0,0.587879002,23,529,12167,-3.007971802,HUN,RUS,HUN-RUS 1941,"World War II, 1941"
1941,1,310,345,0,1,0,0,0,-0.001235,0,0.001235,0,0.746483207,3.115,-0.283817679,5.283203602,1,0,0.716049016,2,4,8,-3.007971802,HUN,YUG,HUN-YUG 1941,"World War II, 1941"
1941,1,360,365,0,1,0,0,0,0.002,0,0.002,0,0.065942556,3.115,NA,6.837332726,1,0,0.612120986,0,0,0,-3.007971802,ROM,RUS,ROM-RUS 1941,"World War II, 1941"
1941,1,200,360,0,0,0,0,1,0,-0.003244,0,0.003244,0.106155492,3.115,NA,7.170119762,0,0,0.592593014,0,0,0,-3.007971802,UKG,ROM,UKG-ROM 1941,"World War II, 1941"
1941,1,360,345,0,1,0,1,0,0,0,0,0,0.740570188,3.115,NA,5.627621174,1,0,0.740741014,18,324,5832,-3.007971802,ROM,YUG,ROM-YUG 1941,"World War II, 1941"
1941,1,20,355,0,0,0,0,1,-0.001384,-0.01113,0.001384,0.01113,0.161627173,3.115,NA,8.430545807,0,0,0.740741014,21,441,9261,-3.007971802,CAN,BUL,CAN-BUL 1941,"World War II, 1941"
1942,0,200,101,1,0,0,0,1,0.000183,-0.0004798,0.000183,0.0004798,0.011876984,3.0225,-5.65E-05,8.447628975,0,0,0.474359006,38,1444,54872,-3.286620574,UKG,VEN,UKG-VEN 1942,NA
1942,0,325,91,1,0,0,0,0,-0.0001091,-0.0003717,0.0001091,0.0003717,0.005695824,3.0225,-0.000208162,8.709794998,0,0,0.628205001,0,0,0,-3.286620574,ITA,HON,ITA-HON 1942,NA
1942,0,94,365,1,0,0,0,1,2.38E-05,2.79E-05,2.38E-05,2.79E-05,0.00063328,3.0225,-3.58E-05,8.827028275,0,0,0.48427701,22,484,10648,-3.286620574,COS,RUS,COS-RUS 1942,NA
1943,0,365,920,1,0,0,1,0,0,0.000717,0,0.000717,0.007319498,3.0975,0.00183917,9.239219666,0,0,0.730768979,3,9,27,-3.213515325,RUS,NEW,RUS-NEW 1943,NA
1944,1,220,310,0,0,0,0,0,0.00687,0.00651,0.00687,0.00651,0.128523842,3.135,NA,6.655440331,0,NA,0.906432986,0,0,0,-3.200261596,FRN,HUN,FRN-HUN 1944,NA
1944,0,200,20,1,0,0,1,1,0,0.0058,0,0.0058,0.147278264,3.135,-0.020422161,8.112228394,0,1,0.754386008,24,576,13824,-3.200261596,UKG,CAN,UKG-CAN 1944,NA
1944,1,310,360,0,1,0,0,0,-0.005771,-0.02321,0.005771,0.02321,0.583069503,3.135,NA,5.986452103,1,NA,0.906432986,2,4,8,-3.200261596,HUN,ROM,HUN-ROM 1944,NA
1944,1,140,255,0,0,0,0,0,0.00509,0.018999999,0.00509,0.018999999,0.105016671,3.135,-0.002711415,8.693664551,0,0,0.672514975,0,0,0,-3.200261596,BRA,GMY,BRA-GMY 1944,NA
1944,1,140,740,0,0,0,0,0,0.00444,0.00947,0.00444,0.00947,0.214132681,3.135,-0.005834401,9.305013657,0,0,0.660818994,84,7056,592704,-3.200261596,BRA,JPN,BRA-JPN 1944,NA
1945,1,740,712,0,0,0,0,0,0,0,0,0,0.003772555,2.8925,NA,7.535296917,0,NA,0.895833015,5,25,125,-3.198352,JPN,MON,JPN-MON 1945,NA
1945,1,365,740,0,1,1,0,0,0.00534,0.015900001,0.00534,0.015900001,0.371854305,2.8925,NA,8.445482254,0,NA,0.677083015,0,0,0,-3.198352,RUS,JPN,RUS-JPN 1945,NA
1946,0,200,920,1,0,0,0,1,0,0.000905,0,0.000905,0.01172589,2.5925,0.000694094,9.367600441,0,1,0.727272987,26,676,17576,-3.496783476,UKG,NEW,UKG-NEW 1946,NA
1947,1,750,770,1,1,1,0,1,NA,NA,NA,NA,0.219480619,2.77,NA,6.054439545,1,NA,0.941175997,0,0,0,-3.376941665,IND,PAK,IND-PAK 1947,NA
1947,0,365,2,1,0,1,0,0,0.00881,0.0305,0.00881,0.0305,0.631219208,2.77,-0.069816858,8.4894104,0,0,0.127451003,0,0,0,-3.376941665,RUS,USA,RUS-USA 1947,NA
1948,1,651,666,1,1,1,0,0,NA,NA,NA,NA,0.254250944,3.2075,NA,5.575949192,1,0,0.870369971,0,0,0,-3.236237431,EGY,ISR,EGY-ISR 1948,NA
1948,1,652,666,1,1,1,0,0,NA,NA,NA,NA,0.634927094,3.2075,NA,4.897840023,1,0,0.944444001,0,0,0,-3.236237431,SYR,ISR,SYR-ISR 1948,NA
1948,1,663,666,1,1,1,0,0,NA,NA,NA,NA,0.159657717,3.2075,NA,3.784189701,1,0,0.870369971,0,0,0,-3.236237431,JOR,ISR,JOR-ISR 1948,NA
1948,1,660,666,1,1,0,0,0,NA,NA,NA,NA,0.258552969,3.2075,NA,4.976733685,1,0,0.898148,0,0,0,-3.236237431,LEB,ISR,LEB-ISR 1948,NA
1948,0,90,91,1,1,0,1,0,-0.003167,0,0.003167,0,0.329492569,3.2075,-0.112820029,5.411645889,1,0,1,19,361,6859,-3.236237431,GUA,HON,GUA-HON 1948,NA
1948,1,645,666,1,0,0,0,0,NA,NA,NA,NA,0.950677097,3.2075,NA,6.300786018,0,0,0.814814985,0,0,0,-3.236237431,IRQ,ISR,IRQ-ISR 1948,NA
1949,0,630,365,1,0,1,0,0,0,0.000391,0,0.000391,0.027845861,3.3,0.000110805,7.335633755,1,0,0.644443989,2,4,8,-3.203256664,IRN,RUS,IRN-RUS 1949,NA
1949,0,630,645,1,1,0,1,0,0.00311,0,0.00311,0,0.270061493,3.3,-0.028086588,6.068425655,1,0,0.911110997,13,169,2197,-3.203256664,IRN,IRQ,IRN-IRQ 1949,NA
1950,1,710,211,0,0,0,0,0,-0.002411,0,0.002411,0,0.092520736,3.545,0.008449743,8.5073452,0,0,0.626667023,5,25,125,-3.005177047,CHN,BEL,CHN-BEL 1950,NA
1950,1,710,210,0,0,0,0,0,0.00106,0.00243,0.00106,0.00243,0.053326838,3.545,0.015365321,8.4894104,0,0,0.626667023,5,25,125,-3.005177047,CHN,NTH,CHN-NTH 1950,NA
1950,1,840,731,0,0,0,0,0,0,0,0,0,0.780276716,3.545,0.04381907,7.44716835,0,0,0.946667016,2,4,8,-3.005177047,PHI,PRK,PHI-PRK 1950,NA
1950,1,710,800,0,0,0,0,0,0,-0.0008209,0,0.0008209,0.02953466,3.545,0.001629222,7.626082897,0,0,0.920000017,63,3969,250047,-3.005177047,CHN,THI,CHN-THI 1950,NA
1950,1,710,530,0,0,0,0,0,-0.002136,-0.006376,0.002136,0.006376,0.033841796,3.545,0.03683763,8.557566643,0,0,0.920000017,9,81,729,-3.005177047,CHN,ETH,CHN-ETH 1950,NA
1950,0,200,700,1,0,0,0,1,-0.0007149,-0.00382,0.0007149,0.00382,0.027306745,3.545,0.031025838,8.174702644,0,0,0.54666698,31,961,29791,-3.005177047,UKG,AFG,UKG-AFG 1950,NA
1950,1,2,731,0,0,1,0,1,0,0,0,0,0.010303248,3.545,-0.006091986,8.834774017,0,0,0.119999997,2,4,8,-3.005177047,USA,PRK,USA-PRK 1950,NA
1950,1,640,731,0,0,0,0,1,0,0,0,0,0.258034825,3.545,0.120491534,8.456593513,0,0,0.893333018,2,4,8,-3.005177047,TUR,PRK,TUR-PRK 1950,NA
1950,1,710,100,0,0,0,0,0,0.000461,0,0.000461,0,0.020514276,3.545,0.004132191,9.137554169,0,0,0.386667013,90,8100,729000,-3.005177047,CHN,COL,CHN-COL 1950,NA
1950,1,530,731,0,0,0,0,0,0,0,0,0,0.578483641,3.545,0.036000729,8.649799347,0,0,0.946667016,2,4,8,-3.005177047,ETH,PRK,ETH-PRK 1950,NA
1950,1,710,20,0,0,0,0,0,0.00361,0.00668,0.00361,0.00668,0.128646389,3.545,0.014140405,8.779403687,0,0,0.626667023,30,900,27000,-3.005177047,CHN,CAN,CHN-CAN 1950,NA
1950,1,710,220,0,0,0,0,0,-0.009576,-0.01414,0.009576,0.01414,0.370259523,3.545,0.152963892,8.538759232,0,0,0.653333008,0,0,0,-3.005177047,CHN,FRN,CHN-FRN 1950,NA
1950,1,220,731,0,0,0,0,1,0,0,0,0,0.084679574,3.545,0.045774817,8.604654312,0,0,0.626667023,2,4,8,-3.005177047,FRN,PRK,FRN-PRK 1950,NA
1950,1,710,920,0,0,0,0,0,0.000173,0,0.000173,0,0.009116758,3.545,-0.000384344,8.811056137,0,0,0.893333018,30,900,27000,-3.005177047,CHN,NEW,CHN-NEW 1950,NA
1950,1,210,731,0,0,0,0,1,0,0,0,0,0.353241712,3.545,0.102522135,8.556797981,0,0,0.653333008,2,4,8,-3.005177047,NTH,PRK,NTH-PRK 1950,NA
1950,1,710,640,0,0,0,0,0,0.00136,0.00327,0.00136,0.00327,0.070234716,3.545,0.059624687,8.354203224,0,0,0.866666973,90,8100,729000,-3.005177047,CHN,TUR,CHN-TUR 1950,NA
1950,1,710,732,0,0,1,0,0,-0.002477,0.00185,0.002477,0.00185,0.041608185,3.545,0.036372535,6.388561249,0,0,0.920000017,1,1,1,-3.005177047,CHN,ROK,CHN-ROK 1950,NA
1950,1,800,731,0,0,0,0,0,0,0,0,0,0.801240981,3.545,0.051863074,7.753194332,0,0,0.946667016,2,4,8,-3.005177047,THI,PRK,THI-PRK 1950,NA
1950,1,900,731,0,0,0,0,1,0,0,0,0,0.364087611,3.545,0.049369097,8.585412025,0,0,0.920000017,2,4,8,-3.005177047,AUL,PRK,AUL-PRK 1950,NA
1950,1,710,200,0,0,0,0,0,0,0.00961,0,0.00961,0.764434278,3.545,0.082193553,8.529319763,0,0,0.573333025,22,484,10648,-3.005177047,CHN,UKG,CHN-UKG 1950,NA
1950,1,920,731,0,0,0,0,1,0,0,0,0,0.334100097,3.545,0.016960323,8.756839752,0,0,0.920000017,2,4,8,-3.005177047,NEW,PRK,NEW-PRK 1950,NA
1950,0,663,220,1,0,0,0,0,-0.0005174,-0.002056,0.0005174,0.002056,0.007333688,3.545,0.006478369,7.647308826,0,0,0.608888984,4,16,64,-3.005177047,JOR,FRN,JOR-FRN 1950,NA
1950,1,200,731,0,0,0,0,1,0,0,0,0,0.040951021,3.545,0.034962013,8.592115402,0,0,0.54666698,2,4,8,-3.005177047,UKG,PRK,UKG-PRK 1950,NA
1950,1,211,731,0,0,0,0,1,0,0,0,0,0.297188491,3.545,0.057797313,8.574707031,0,0,0.653333008,2,4,8,-3.005177047,BEL,PRK,BEL-PRK 1950,NA
1950,1,710,840,0,0,0,0,0,0,0.00214,0,0.00214,0.02876742,3.545,0.003853334,7.481555939,0,0,0.920000017,4,16,64,-3.005177047,CHN,PHI,CHN-PHI 1950,NA
1950,1,20,731,0,0,0,0,1,0,0,0,0,0.193039432,3.545,-0.050718039,8.773229599,0,0,0.653333008,2,4,8,-3.005177047,CAN,PRK,CAN-PRK 1950,NA
1950,1,710,900,0,0,0,0,0,0.00177,0.0048,0.00177,0.0048,0.075377017,3.545,0.012545928,8.631771088,0,0,0.893333018,30,900,27000,-3.005177047,CHN,AUL,CHN-AUL 1950,NA
1950,1,710,350,0,0,0,0,0,0,0,0,0,0.031501096,3.545,0.015210293,8.462737083,0,0,0.920000017,6,36,216,-3.005177047,CHN,GRC,CHN-GRC 1950,NA
1950,1,350,731,0,0,0,0,0,0,0,0,0,0.738286316,3.545,0.120513916,8.553139687,0,0,0.946667016,2,4,8,-3.005177047,GRC,PRK,GRC-PRK 1950,NA
1950,0,365,40,1,0,0,0,0,0,-0.0002678,0,0.0002678,0.012272723,3.545,-7.96E-05,8.692153931,0,0,0.128888994,41,1681,68921,-3.005177047,RUS,CUB,RUS-CUB 1950,NA
1950,1,731,732,1,1,1,0,0,-0.01175,-0.046629999,0.01175,0.046629999,0.520036817,3.545,0.215251714,4.795790672,1,0,0.946667016,0,0,0,-3.005177047,PRK,ROK,PRK-ROK 1950,NA
1951,1,100,731,0,0,0,0,0,-0.044270001,0,0.044270001,0,0.831322432,3.7475,0.033868909,9.124346733,0,0,0.421052992,3,9,27,-2.262222864,COL,PRK,COL-PRK 1951,NA
1951,0,92,710,1,0,0,0,0,-2.13E-05,7.40E-05,2.13E-05,7.40E-05,0.002232622,3.7475,0.000216663,9.03491497,0,0,0.421052992,76,5776,438976,-2.262222864,SAL,CHN,SAL-CHN 1951,NA
1952,0,160,145,1,1,0,1,0,-0.005016,-0.01448,0.005016,0.01448,0.104708172,4.235,-0.017587144,7.231287003,1,0,1,23,529,12167,-1.340462459,ARG,BOL,ARG-BOL 1952,NA
1953,0,135,200,1,0,0,0,0,-0.000533,0,0.000533,0,0.021460446,4.0825,0.001189172,8.752423286,0,0,0.063290998,114,12996,1481544,-1.46935445,PER,UKG,PER-UKG 1953,NA
1954,0,210,200,1,0,0,1,1,-0.003214,-0.00691,0.003214,0.00691,0.081583783,3.7575,0.001223564,5.407171726,0,1,0.861788988,9,81,729,-1.40865283,NTH,UKG,NTH-UKG 1954,NA
1955,0,101,140,1,1,0,1,0,-0.001098,0,0.001098,0,0.121089347,4.175,0.006978869,7.711996555,1,0,1,114,12996,1481544,-0.07967638,VEN,BRA,VEN-BRA 1955,NA
1956,1,200,651,0,0,0,0,1,0.0029,0.00356,0.0029,0.00356,0.068849966,4.74,0.040602416,7.688455582,0,0,0.43294999,3,9,27,1.297771814,UKG,EGY,UKG-EGY 1956,NA
1956,0,94,220,1,0,0,0,1,0,0,0,0,0.003124884,4.74,5.17E-05,8.620832443,0,1,0.180077001,12,144,1728,1.297771814,COS,FRN,COS-FRN 1956,NA
1956,0,700,2,1,0,0,0,0,0.000436,0.00472,0.000436,0.00472,0.007393291,4.74,-0.000603974,8.843470573,0,0,0.019157,37,1369,50653,1.297771814,AFG,USA,AFG-USA 1956,NA
1956,1,220,651,0,0,0,0,1,0,0.00409,0,0.00409,0.180926904,4.74,0.031864077,7.599902153,0,0,0.41762501,12,144,1728,1.297771814,FRN,EGY,FRN-EGY 1956,NA
1956,1,666,651,1,1,1,0,1,0.00207,0.0199,0.00207,0.0199,0.233090505,4.74,0.08690846,5.575949192,1,0,0.777778029,0,0,0,1.297771814,ISR,EGY,ISR-EGY 1956,NA
1956,1,365,310,1,1,0,1,0,0,0,0,0,0.029921977,4.74,NA,6.881411076,1,NA,0.93869698,10,100,1000,1.297771814,RUS,HUN,RUS-HUN 1956,NA
1957,0,710,140,1,0,0,0,0,0.000987,0,0.000987,0,0.107509419,5.005,0.003991466,9.261888504,0,0,0.505617976,97,9409,912673,1.828764595,CHN,BRA,CHN-BRA 1957,NA
1958,0,90,220,1,0,0,0,0,0.000499,0,0.000499,0,0.019247891,4.9825,0.001338124,8.629271507,0,0,0.207406998,14,196,2744,2.334672089,GUA,FRN,GUA-FRN 1958,NA
1958,0,710,94,1,0,0,0,0,3.87E-06,0,3.87E-06,0,0.000797279,4.9825,0.00191221,9.07783699,0,0,0.511111021,38,1444,54872,2.334672089,CHN,COS,CHN-COS 1958,NA
1959,0,365,380,1,0,0,0,0,-0.001275,-0.001642,0.001275,0.001642,0.036443021,4.825,0.000584138,6.638567924,0,0,0.737828016,3,9,27,2.286693443,RUS,SWD,RUS-SWD 1959,NA
1960,0,365,395,1,0,0,0,0,-3.32E-06,NA,3.32E-06,NA,0.000243652,5.4575,NA,7.629489899,0,NA,0.520249009,10,100,1000,3.13244775,RUS,ICE,RUS-ICE 1960,NA
1960,0,365,220,1,0,0,0,0,0.00202,0.00366,0.00202,0.00366,0.183508307,5.4575,0.031886697,7.344072819,0,0,0.414330006,0,0,0,3.13244775,RUS,FRN,RUS-FRN 1960,NA
1960,0,325,2,1,0,0,1,1,0,0,0,0,0.068942361,5.4575,-0.020867586,8.408939362,0,1,0.507788002,16,256,4096,3.13244775,ITA,USA,ITA-USA 1960,NA
1960,0,200,616,1,0,0,0,1,0.000968,0.00278,0.000968,0.00278,0.011667928,5.4575,0.003595957,7.034388065,0,0,0.507788002,4,16,64,3.13244775,UKG,TUN,UKG-TUN 1960,NA
1961,0,135,130,1,1,0,1,0,0,0.015799999,0,0.015799999,0.391869813,6.27,-0.014162064,6.714170456,1,0,1,5,25,125,3.614445501,PER,ECU,PER-ECU 1961,NA
1961,1,710,750,1,1,1,0,0,-0.004416,0.00184,0.004416,0.00184,0.422078758,6.27,-0.009957671,7.76259613,1,0,0.909910023,0,0,0,3.614445501,CHN,IND,CHN-IND 1961,NA
1961,0,230,365,1,0,0,0,0,0.0025,0.00181,0.0025,0.00181,0.078756809,6.27,0.001226246,7.668560982,0,0,0.759760022,16,256,4096,3.614445501,SPN,RUS,SPN-RUS 1961,NA
1962,0,205,2,1,0,0,0,1,0,0,0,0,0.003131757,5.98,-0.000222027,8.126813889,0,1,0.276353002,40,1600,64000,3.087872708,IRE,USA,IRE-USA 1962,NA
1963,0,2,290,1,0,0,0,1,0,-0.006076,0,0.006076,0.063706823,5.5875,0.008808583,8.403352737,0,0,0.187674999,1,1,1,2.173962599,USA,POL,USA-POL 1963,NA
1963,0,225,220,1,1,0,0,1,0.00344,0.00946,0.00344,0.00946,0.074120186,5.5875,0.007627547,5.613128185,1,0,0.635854006,19,361,6859,2.173962599,SWZ,FRN,SWZ-FRN 1963,NA
1964,1,2,816,1,0,0,0,1,0.000936,0.00176,0.000936,0.00176,0.015087704,6.06,0.002282647,9.023769379,0,0,0.322403997,0,0,0,2.383340504,USA,DRV,USA-DRV 1964,NA
1964,0,2,145,1,0,0,1,1,3.85E-05,3.76E-05,3.85E-05,3.76E-05,0.00207086,6.06,0.000409672,8.262300491,0,0,0.666666985,116,13456,1560896,2.383340504,USA,BOL,USA-BOL 1964,NA
1964,0,220,713,1,0,0,0,0,0,0,0,0,0.2294866,6.06,-0.016813993,8.727129936,0,0,0.661202013,15,225,3375,2.383340504,FRN,TAW,FRN-TAW 1964,NA
1964,1,816,817,0,1,0,0,0,-0.00457,-0.01068,0.00457,0.01068,0.884416461,6.06,-0.006953955,6.568078041,1,0,0.967212975,3,9,27,2.383340504,DRV,RVN,DRV-RVN 1964,NA
1964,1,900,816,0,0,0,0,1,0.00868,0.016799999,0.00868,0.016799999,0.489195973,6.06,-0.015102148,8.48094368,0,0,0.907104015,1,1,1,2.383340504,AUL,DRV,AUL-DRV 1964,NA
1964,0,160,150,1,1,0,1,0,0.000335,0.00132,0.000335,0.00132,0.041403275,6.06,-0.095626704,6.472346306,1,0,1,1,1,1,2.383340504,ARG,PAR,ARG-PAR 1964,NA
1965,1,750,770,1,1,1,0,1,-0.0001816,-0.01055,0.0001816,0.01055,0.221456885,6.4325,0.01241909,6.054439545,1,0,0.920000017,0,0,0,2.894621296,IND,PAK,IND-PAK 1965,NA
1965,1,732,816,0,0,0,0,0,0.00567,0.0119,0.00567,0.0119,0.377375871,6.4325,0.089976251,7.441320419,0,0,0.962666988,11,121,1331,2.894621296,ROK,DRV,ROK-DRV 1965,NA
1965,0,91,220,1,0,0,0,0,-0.0001732,0,0.0001732,0,0.005905167,6.4325,0.001408637,8.607582092,0,0,0.381332994,21,441,9261,2.894621296,HON,FRN,HON-FRN 1965,NA
1965,0,200,42,1,0,0,0,1,0.00055,0.000918,0.00055,0.000918,0.009625164,6.4325,-0.009879176,8.381602287,0,0,0.407999992,41,1681,68921,2.894621296,UKG,DOM,UKG-DOM 1965,NA
1966,1,840,816,0,0,0,0,0,0.00686,0.00637,0.00686,0.00637,0.892933607,6.8175,0.036023438,6.995766163,0,0,0.922481,12,144,1728,2.655886442,PHI,DRV,PHI-DRV 1966,NA
1967,0,645,365,1,0,0,0,0,-0.0003481,-0.0005093,0.0003481,0.0005093,0.010064879,6.73,0.0001055,7.367708683,0,0,0.620513022,35,1225,42875,1.762087864,IRQ,RUS,IRQ-RUS 1967,NA
1967,0,651,220,1,0,0,0,0,-0.00357,-0.006651,0.00357,0.006651,0.188710123,6.73,0.049385428,7.599902153,0,0,0.482051015,10,100,1000,1.762087864,EGY,FRN,EGY-FRN 1967,NA
1967,0,365,770,1,0,0,0,0,0,0,0,0,0.062290184,6.73,-0.003631603,7.730175018,0,0,0.758974016,6,36,216,1.762087864,RUS,PAK,RUS-PAK 1967,NA
1967,0,365,600,1,0,0,0,0,0.000276,0.000355,0.000276,0.000355,0.01065855,6.73,0.004782242,7.855156898,0,0,0.620513022,11,121,1331,1.762087864,RUS,MOR,RUS-MOR 1967,NA
1967,1,666,652,1,1,1,0,1,0.00422,0.012,0.00422,0.012,0.878309131,6.73,0.104232103,4.897840023,1,0,0.78461498,0,0,0,1.762087864,ISR,SYR,ISR-SYR 1967,NA
1967,1,800,816,0,0,1,0,0,0.00499,0,0.00499,0,0.892341912,6.73,0.015349805,6.419994831,0,0,0.93333298,0,0,0,1.762087864,THI,DRV,THI-DRV 1967,NA
1967,1,651,666,1,1,1,0,0,-0.001397,-0.013,0.001397,0.013,0.22043477,6.73,0.074126869,5.575949192,1,0,0.78461498,0,0,0,1.762087864,EGY,ISR,EGY-ISR 1967,NA
1967,1,666,651,0,1,1,0,1,0.0014,0.013,0.0014,0.013,0.22043477,6.73,0.012035549,5.575949192,1,0,0.78461498,0,0,0,1.762087864,ISR,EGY,ISR-EGY 1967,NA
1967,1,666,663,0,1,1,0,1,0.00899,0.0104,0.00899,0.0104,0.360770643,6.73,0.120488852,3.784189701,1,0,0.78461498,0,0,0,1.762087864,ISR,JOR,ISR-JOR 1967,NA
1968,0,660,2,1,0,0,0,0,-5.77E-05,-5.05E-05,5.77E-05,5.05E-05,0.001829647,7.46,-0.000145495,8.668711662,0,0,0.167919993,22,484,10648,1.706260283,LEB,USA,LEB-USA 1968,NA
1968,0,365,145,1,0,0,0,0,2.73E-05,5.90E-05,2.73E-05,5.90E-05,0.003096611,7.46,0.000274364,8.958668709,0,0,0.493734002,120,14400,1728000,1.706260283,RUS,BOL,RUS-BOL 1968,NA
1968,0,2,750,1,0,0,0,1,0.00345,0.00294,0.00345,0.00294,0.201862499,7.46,0.000254139,8.921590805,0,1,0.348370999,21,441,9261,1.706260283,USA,IND,USA-IND 1968,NA
1969,0,365,390,1,0,0,0,0,6.27E-05,0.000288,6.27E-05,0.000288,0.01141019,8.94,-0.00023636,6.877295971,0,0,0.61403501,9,81,729,2.028417546,RUS,DEN,RUS-DEN 1969,NA
1969,0,710,663,1,0,0,0,0,0.000199,0.000321,0.000199,0.000321,0.004448483,8.94,-0.001207848,8.38594532,0,0,0.754386008,23,529,12167,2.028417546,CHN,JOR,CHN-JOR 1969,NA
1969,0,160,140,1,1,0,1,0,0.00408,0,0.00408,0,0.537151933,8.94,0.035410881,7.287560463,1,0,1,93,8649,804357,2.028417546,ARG,BRA,ARG-BRA 1969,NA
1969,1,92,91,1,1,0,1,0,0.00608,0,0.00608,0,0.664012074,8.94,0.365318239,4.912654877,1,0,1,48,2304,110592,2.028417546,SAL,HON,SAL-HON 1969,NA
1969,0,2,713,1,0,0,1,1,0.000689,0.000434,0.000689,0.000434,0.028583471,8.94,0.000714738,8.979038239,0,0,0.378446013,18,324,5832,2.028417546,USA,TAW,USA-TAW 1969,NA
1969,0,90,710,1,0,0,0,0,3.77E-05,0.000111,3.77E-05,0.000111,0.004448971,8.94,-0.000445008,9.023649216,0,0,0.604009986,101,10201,1030301,2.028417546,GUA,CHN,GUA-CHN 1969,NA
1969,0,710,40,1,0,0,0,0,0.000566,0.00191,0.000566,0.00191,0.017537296,8.94,0.009915881,8.976641655,0,0,0.934836984,60,3600,216000,2.028417546,CHN,CUB,CHN-CUB 1969,NA
1970,0,220,775,1,0,0,0,1,0.00252,0.00622,0.00252,0.00622,0.085367255,9.2325,0.009520605,8.617219925,0,0,0.676617026,22,484,10648,0.736602561,FRN,MYA,FRN-MYA 1970,NA
1970,0,2,260,1,0,0,1,1,0.00158,0.00338,0.00158,0.00338,0.173546076,9.2325,0.007798433,8.288785934,0,1,0.562188983,15,225,3375,0.736602561,USA,GFR,USA-GFR 1970,NA
1970,0,600,230,1,0,1,0,0,-0.003927,-0.01014,0.003927,0.01014,0.18696779,9.2325,0.040050149,6.159095287,1,0,0.756219029,8,64,512,0.736602561,MOR,SPN,MOR-SPN 1970,NA
1970,0,620,615,1,1,0,1,0,-0.003939,-0.01564,0.003939,0.01564,0.178288653,9.2325,-0.078187585,6.452048779,1,0,1,8,64,512,0.736602561,LIB,ALG,LIB-ALG 1970,NA
1970,0,235,710,1,0,0,0,0,-0.0002149,-0.0007496,0.0002149,0.0007496,0.01947202,9.2325,-0.001423657,8.701346397,0,0,0.716418028,42,1764,74088,0.736602561,POR,CHN,POR-CHN 1970,NA
1970,1,816,811,0,0,0,0,0,-0.00264,0,0.00264,0,0.235274941,9.2325,0.079506427,6.49072361,0,0,0.960198998,0,0,0,0.736602561,DRV,CAM,DRV-CAM 1970,NA
1970,0,390,220,1,0,0,1,1,-0.001204,-0.002281,0.001204,0.002281,0.06618502,9.2325,0.01735431,6.459904671,0,1,0.915422976,25,625,15625,0.736602561,DEN,FRN,DEN-FRN 1970,NA
1971,0,130,365,1,0,0,0,0,-4.85E-05,-2.68E-05,4.85E-05,2.68E-05,0.004356007,9.0425,-3.51E-05,8.885855675,0,0,0.501199007,117,13689,1601613,-0.977625941,ECU,RUS,ECU-RUS 1971,NA
1971,1,750,770,1,1,1,0,1,0,-0.007653,0,0.007653,0.21967417,9.0425,0.010577023,6.054439545,1,0,0.918465018,0,0,0,-0.977625941,IND,PAK,IND-PAK 1971,NA
1971,0,2,652,1,0,0,0,1,0.000241,0.000327,0.000241,0.000327,0.005953601,9.0425,0.001424845,8.677268982,0,0,0.112709999,0,0,0,-0.977625941,USA,SYR,USA-SYR 1971,NA
1971,0,135,100,1,1,0,1,0,0,0.00546,0,0.00546,0.624975979,9.0425,-0.03396216,7.063903809,1,0,1,36,1296,46656,-0.977625941,PER,COL,PER-COL 1971,NA
1972,0,645,710,1,0,0,0,0,-0.0003979,-0.0002973,0.0003979,0.0002973,0.016885586,9.1975,-0.000644922,8.272059441,0,0,0.709523976,40,1600,64000,-1.78310025,IRQ,CHN,IRQ-CHN 1972,NA
1972,0,620,220,1,0,0,0,0,-0.0008775,-0.001472,0.0008775,0.001472,0.010393453,9.1975,0.005948424,7.122866631,0,0,0.457143009,21,441,9261,-1.78310025,LIB,FRN,LIB-FRN 1972,NA
1973,1,663,666,0,1,1,0,0,0,0,0,0,0.414973646,10.9075,0.013375223,3.784189701,1,0,0.735225022,0,0,0,-0.6357014,JOR,ISR,JOR-ISR 1973,NA
1973,1,645,666,0,0,1,0,0,0.00271,0.00408,0.00271,0.00408,0.719332993,10.9075,-0.046424925,6.300786018,0,0,0.730495989,2,4,8,-0.6357014,IRQ,ISR,IRQ-ISR 1973,NA
1973,0,790,220,1,0,0,0,0,-0.0003008,-0.0002228,0.0003008,0.0002228,0.025808357,10.9075,0.006552398,8.412055016,0,0,0.692671001,29,841,24389,-0.6357014,NEP,FRN,NEP-FRN 1973,NA
1973,1,652,666,1,1,1,0,0,0.00393,0,0.00393,0,0.868751705,10.9075,-0.000719547,4.897840023,1,0,0.735225022,0,0,0,-0.6357014,SYR,ISR,SYR-ISR 1973,NA
1973,1,651,666,0,1,1,0,0,0.00263,-0.004163,0.00263,0.004163,0.231910661,10.9075,0.006478161,5.575949192,1,0,0.730495989,0,0,0,-0.6357014,EGY,ISR,EGY-ISR 1973,NA
1973,1,670,666,0,0,1,0,0,0.0025,0,0.0025,0,0.780274987,10.9075,-0.02730906,6.755768776,0,0,0.735225022,5,25,125,-0.6357014,SAU,ISR,SAU-ISR 1973,NA
1974,1,640,352,1,0,1,0,1,0.000765,0.00139,0.000765,0.00139,0.011254019,15.1725,0.05196853,5.802118301,1,1,0.794871986,6,36,216,2.152537244,TUR,CYP,TUR-CYP 1974,NA
1974,0,710,2,1,0,0,0,0,-0.005197,-0.008493,0.005197,0.008493,0.575305283,15.1725,-0.015579104,8.843615532,0,0,0.342657,1,1,1,2.152537244,CHN,USA,CHN-USA 1974,NA
1974,0,365,710,1,1,1,0,0,0.00115,0.00559,0.00115,0.00559,0.703855217,15.1725,-8.52E-05,8.188966751,1,0,0.841491997,0,0,0,2.152537244,RUS,CHN,RUS-CHN 1974,NA
1974,0,2,265,1,0,0,0,1,0.00073,0.00207,0.00073,0.00207,0.042059317,15.1725,-0.005261824,8.336151123,0,0,0.282050997,11,121,1331,2.152537244,USA,GDR,USA-GDR 1974,NA
1975,1,816,811,1,1,0,0,0,0,0.00509,0,0.00509,0.248362601,14.6025,0.030053027,6.49072361,1,0,0.973333001,0,0,0,0.553856,DRV,CAM,DRV-CAM 1975,NA
1975,0,560,200,1,0,0,0,0,-0.00539,-0.004051,0.00539,0.004051,0.160693765,14.6025,-0.014864266,8.701845169,0,0,0.746667027,55,3025,166375,0.553856,SAF,UKG,SAF-UKG 1975,NA
1975,0,812,816,1,1,0,0,0,0,0,0,0,0.147308558,14.6025,-0.00162369,5.703782558,1,0,0.973333001,1,1,1,0.553856,LAO,DRV,LAO-DRV 1975,NA
1976,0,620,365,1,0,0,0,0,-0.0002261,-0.0003656,0.0002261,0.0003656,0.002503444,14.2275,-0.000198841,7.585280895,0,0,0.593819022,25,625,15625,0.768736478,LIB,RUS,LIB-RUS 1976,NA
1976,0,305,325,1,1,0,0,1,0.00259,-0.0009777,0.00259,0.0009777,0.170942172,14.2275,0.010679781,6.161207199,1,1,0.788079023,15,225,3375,0.768736478,AUS,ITA,AUS-ITA 1976,NA
1976,0,800,812,1,1,1,0,0,0,0,0,0,0.181036249,14.2275,0.05303213,5.777652264,1,0,0.947019994,0,0,0,0.768736478,THI,LAO,THI-LAO 1976,NA
1976,0,710,51,1,0,0,0,0,1.08E-05,1.62E-05,1.08E-05,1.62E-05,0.001722028,14.2275,-0.00027051,9.030376434,0,0,0.646799028,14,196,2744,0.768736478,CHN,JAM,CHN-JAM 1976,NA
1977,1,40,520,0,0,0,0,0,0.00331,0.00649,0.00331,0.00649,0.111752085,12.1925,0.153594375,9.050289154,0,0,0.736841977,17,289,4913,-0.702228271,CUB,SOM,CUB-SOM 1977,NA
1977,0,439,220,1,0,0,0,0,-0.0003051,-0.0002225,0.0003051,0.0002225,0.01069969,12.1925,0.001379848,7.837554455,0,0,0.679825008,17,289,4913,-0.702228271,BFO,FRN,BFO-FRN 1977,NA
1977,0,365,433,1,0,0,0,0,5.24E-05,1.94E-05,5.24E-05,1.94E-05,0.002555395,12.1925,-0.000114456,8.306965828,0,0,0.771929979,17,289,4913,-0.702228271,RUS,SEN,RUS-SEN 1977,NA
1977,1,520,530,1,1,1,1,0,-0.004309,-0.01398,0.004309,0.01398,0.15299046,12.1925,0.065162599,6.545349598,1,0,0.723684013,0,0,0,-0.702228271,SOM,ETH,SOM-ETH 1977,NA
1977,0,220,290,1,0,0,0,1,0.00583,0.00956,0.00583,0.00956,0.549420536,12.1925,-0.002047092,6.745236397,0,0,0.653509021,15,225,3375,-0.702228271,FRN,POL,FRN-POL 1977,NA
1977,0,101,100,1,1,0,1,1,-0.0007771,0.00634,0.0007771,0.00634,0.791209579,12.1925,-0.037889391,6.459904671,1,1,1,74,5476,405224,-0.702228271,VEN,COL,VEN-COL 1977,NA
1978,0,365,775,1,0,0,0,0,0.000227,0.000302,0.000227,0.000302,0.016900539,12.0275,0.000843696,8.30844593,0,0,0.818181992,30,900,27000,-0.199965894,RUS,MYA,RUS-MYA 1978,NA
1978,1,710,816,1,1,0,0,0,0.00169,0.00242,0.00169,0.00242,0.042761799,12.0275,0.003074333,7.277247906,1,0,0.948051989,2,4,8,-0.199965894,CHN,DRV,CHN-DRV 1978,NA
1978,0,811,710,1,0,0,0,0,-0.0002549,-0.0007144,0.0002549,0.0007144,0.009356544,12.0275,0.018557847,7.642524242,0,0,0.952381015,6,36,216,-0.199965894,CAM,CHN,CAM-CHN 1978,NA
1978,0,475,2,1,0,0,0,0,-0.001451,-0.002395,0.001451,0.002395,0.028553218,12.0275,0.003649235,8.615226746,0,0,0.259739995,18,324,5832,-0.199965894,NIG,USA,NIG-USA 1978,NA
1978,0,200,165,1,0,0,0,1,0.000441,0.0011,0.000441,0.0011,0.02063963,12.0275,0.010926438,8.834918976,0,0,0.49783501,38,1444,54872,-0.199965894,UKG,URU,UKG-URU 1978,NA
1978,0,2,670,1,0,0,0,1,0.00138,0.00309,0.00138,0.00309,0.0112125,12.0275,-0.007520691,8.816853523,0,0,0.155844003,51,2601,132651,-0.199965894,USA,SAU,USA-SAU 1978,NA
1978,1,500,510,1,1,0,1,0,-0.001876,0,0.001876,0,0.728342533,12.0275,0.042326212,6.514712811,1,0,0.922078013,0,0,0,-0.199965894,UGA,TAZ,UGA-TAZ 1978,NA
1979,0,230,220,1,1,0,0,1,-0.005962,-0.002347,0.005962,0.002347,0.41146633,11.3475,0.048153281,6.486160755,1,1,0.794871986,35,1225,42875,1.205743244,SPN,FRN,SPN-FRN 1979,NA
1979,0,652,710,1,0,0,0,0,-0.000805,-0.001988,0.000805,0.001988,0.015852807,11.3475,-0.000724316,8.368925095,0,0,0.722221971,18,324,5832,1.205743244,SYR,CHN,SYR-CHN 1979,NA
1979,0,710,482,1,0,0,0,0,2.33E-05,8.74E-06,2.33E-05,8.74E-06,0.001066978,11.3475,3.86E-05,8.770594597,0,0,0.944444001,19,361,6859,1.205743244,CHN,CEN,CHN-CEN 1979,NA
1979,0,200,490,1,0,0,0,1,0.00329,0.000811,0.00329,0.000811,0.068568252,11.3475,0.033258207,8.286017418,0,0,0.743589997,19,361,6859,1.205743244,UKG,DRC,UKG-DRC 1979,NA
1979,1,620,510,0,0,0,0,0,-0.01729,0,0.01729,0,0.618849039,11.3475,0.174059957,8.082402229,0,0,0.692308009,6,36,216,1.205743244,LIB,TAZ,LIB-TAZ 1979,NA
1979,0,436,483,1,1,0,1,0,0,0.016799999,0,0.016799999,0.931262612,11.3475,-0.193077028,6.776506901,1,0,0.824786007,19,361,6859,1.205743244,NIR,CHA,NIR-CHA 1979,NA
1980,0,365,663,1,0,0,0,0,0.000131,0.000177,0.000131,0.000177,0.004654467,11.9275,-0.000127053,7.407317638,0,0,0.628205001,9,81,729,2.961151771,RUS,JOR,RUS-JOR 1980,NA
1980,0,2,910,1,0,0,0,1,6.50E-05,0,6.50E-05,0,0.001176199,11.9275,-9.12E-06,9.110188484,0,1,0.393162012,5,25,125,2.961151771,USA,PNG,USA-PNG 1980,NA
1980,0,572,2,1,0,0,0,0,-1.68E-05,-3.55E-05,1.68E-05,3.55E-05,0.000170216,11.9275,-7.57E-05,9.021597862,0,0,0.393162012,12,144,1728,2.961151771,SWA,USA,SWA-USA 1980,NA
1980,0,433,432,1,1,0,1,0,-0.002118,-0.004981,0.002118,0.004981,0.77707088,11.9275,-0.151189059,6.475432873,1,0,0.991452992,20,400,8000,2.961151771,SEN,MLI,SEN-MLI 1980,NA
1980,1,645,630,1,1,1,0,0,0,0,0,0,0.410174578,11.9275,-0.009993881,6.068425655,1,0,0.752137005,0,0,0,2.961151771,IRQ,IRN,IRQ-IRN 1980,NA
1980,0,265,315,1,1,0,1,0,-0.001864,-0.01076,0.001864,0.01076,0.869210064,11.9275,0.013161033,5.164785862,1,0,0.957265019,11,121,1331,2.961151771,GDR,CZE,GDR-CZE 1980,NA
1980,0,450,365,1,0,0,0,0,-2.87E-05,-4.89E-06,2.87E-05,4.89E-06,0.000757916,11.9275,0.000141859,8.37101078,0,0,0.688033998,60,3600,216000,2.961151771,LBR,RUS,LBR-RUS 1980,NA
1980,0,812,220,1,0,0,0,0,0,0,0,0,0.026893608,11.9275,0.010991514,8.656085014,0,0,0.782051027,27,729,19683,2.961151771,LAO,FRN,LAO-FRN 1980,NA
1981,0,2,553,1,0,0,0,1,8.32E-05,4.10E-05,8.32E-05,4.10E-05,0.001546832,13.0125,3.69E-06,8.979920387,0,0,0.379455,17,289,4913,4.848554882,USA,MAW,USA-MAW 1981,NA
1981,0,200,461,1,0,0,0,1,0.000286,0.000181,0.000286,0.000181,0.005075615,13.0125,-0.000582708,8.051341057,0,0,0.597483993,21,441,9261,4.848554882,UKG,TOG,UKG-TOG 1981,NA
1981,0,315,260,1,1,0,0,0,0,0.00374,0,0.00374,0.274321556,13.0125,-0.013581038,5.793013573,1,0,0.710691988,17,289,4913,4.848554882,CZE,GFR,CZE-GFR 1981,NA
1981,0,451,200,1,0,0,0,0,-0.0002448,-5.59E-05,0.0002448,5.59E-05,0.006835324,13.0125,-0.000202298,8.028454781,0,0,0.597483993,20,400,8000,4.848554882,SIE,UKG,SIE-UKG 1981,NA
1982,0,483,365,1,0,0,0,0,-1.91E-05,-1.47E-05,1.91E-05,1.47E-05,0.00140662,11.7425,-7.18E-05,8.087025642,0,0,0.807128012,22,484,10648,4.048277922,CHA,RUS,CHA-RUS 1982,NA
1982,0,290,710,1,0,0,0,0,-0.0003705,-0.002139,0.0003705,0.002139,0.124854408,11.7425,0.008575857,8.36985302,0,0,0.886792004,37,1369,50653,4.048277922,POL,CHN,POL-CHN 1982,NA
1982,0,220,471,1,0,0,0,1,0.000559,0.000164,0.000559,0.000164,0.020544562,11.7425,0.031365991,8.058011055,0,0,0.773585021,22,484,10648,4.048277922,FRN,CAO,FRN-CAO 1982,NA
1982,0,2,230,1,0,0,1,1,0.00227,0.0017,0.00227,0.0017,0.063624799,11.7425,0.009296943,8.239329338,0,1,0.580712974,37,1369,50653,4.048277922,USA,SPN,USA-SPN 1982,NA
1982,1,160,200,1,0,0,0,0,-0.005076,-0.00273,0.005076,0.00273,0.24399972,11.7425,0.036996067,8.843470573,0,0,0.446541011,5,25,125,4.048277922,ARG,UKG,ARG-UKG 1982,NA
1982,1,666,652,1,1,1,0,1,0,0.00287,0,0.00287,0.875809491,11.7425,0.062029511,4.897840023,1,0,0.75681299,0,0,0,4.048277922,ISR,SYR,ISR-SYR 1982,NA
1982,0,710,52,1,0,0,0,0,1.07E-05,1.54E-05,1.07E-05,1.54E-05,0.001373832,11.7425,-0.000442495,9.09918499,0,0,0.597483993,20,400,8000,4.048277922,CHN,TRI,CHN-TRI 1982,NA
1982,0,260,211,1,1,0,1,1,0,0,0,0,0.188211262,11.7425,-0.011500239,4.795790672,1,1,1,27,729,19683,4.048277922,GFR,BEL,GFR-BEL 1982,NA
1982,0,385,710,1,0,0,0,1,0.000218,-0.0002943,0.000218,0.0002943,0.014793625,11.7425,0.000391006,8.381831169,0,0,0.773585021,37,1369,50653,4.048277922,NOR,CHN,NOR-CHN 1982,NA
1983,0,481,2,1,0,0,0,0,-3.20E-05,-3.26E-05,3.20E-05,3.26E-05,0.000510038,10.25,-3.81E-05,8.70250988,0,0,0.383332998,23,529,12167,3.224560685,GAB,USA,GAB-USA 1983,NA
1983,0,437,432,1,1,0,1,0,-0.004357,-0.001887,0.004357,0.001887,0.782883167,10.25,-0.021665722,6.095824718,1,0,1,23,529,12167,3.224560685,CDI,MLI,CDI-MLI 1983,NA
1983,0,510,553,1,1,0,1,0,-0.002207,-0.006171,0.002207,0.006171,0.283880532,10.25,0.065801732,6.432940006,1,0,0.9375,19,361,6859,3.224560685,TAZ,MAW,TAZ-MAW 1983,NA
1983,0,220,385,1,0,0,1,1,0,0.000984,0,0.000984,0.072452188,10.25,0.002215222,6.726233482,0,1,0.987500012,38,1444,54872,3.224560685,FRN,NOR,FRN-NOR 1983,NA
1984,0,439,710,1,0,0,0,0,-4.08E-05,-5.61E-05,4.08E-05,5.61E-05,0.002512485,10.1725,0.000117123,8.864322662,0,0,0.776398003,24,576,13824,3.995910189,BFO,CHN,BFO-CHN 1984,NA
1984,0,365,57,1,0,0,0,0,-2.78E-07,4.05E-07,2.78E-07,4.05E-07,2.65E-05,10.1725,NA,8.667852402,0,NA,0.449274987,5,25,125,3.995910189,RUS,SVG,RUS-SVG 1984,NA
1984,0,200,435,1,0,0,0,1,0.000349,0.000572,0.000349,0.000572,0.004464312,10.1725,-0.015148483,7.810758114,0,0,0.523810029,24,576,13824,3.995910189,UKG,MAA,UKG-MAA 1984,NA
1984,0,615,432,1,1,0,1,0,-0.002427,-0.001588,0.002427,0.001588,0.170338497,10.1725,-0.007080074,7.497207165,1,0,0.58592099,22,484,10648,3.995910189,ALG,MLI,ALG-MLI 1984,NA
1985,0,710,830,1,0,0,0,0,0.000249,0.000958,0.000249,0.000958,0.00821324,10.09,0.001202436,7.932721138,0,0,0.962732971,20,400,8000,4.181133297,CHN,SIN,CHN-SIN 1985,NA
1985,0,811,800,1,1,1,0,0,0.0117,0.0208,0.0117,0.0208,0.24299939,10.09,-0.094435334,5.811141014,1,NA,0.975154996,0,0,0,4.181133297,CAM,THI,CAM-THI 1985,NA
1985,0,220,770,1,0,0,0,1,0,0.00343,0,0.00343,0.425667495,10.09,-0.035178006,8.21229744,0,0,0.776398003,38,1444,54872,4.181133297,FRN,PAK,FRN-PAK 1985,NA
1985,0,481,411,1,1,0,1,0,0,-0.01213,0,0.01213,0.501764297,10.09,0.237170637,5.463831902,1,0,0.962732971,12,144,1728,4.181133297,GAB,EQG,GAB-EQG 1985,NA
1985,0,680,220,1,0,0,0,0,-0.0006568,-0.001457,0.0006568,0.001457,0.0124851,10.09,0.005429924,8.155362129,0,0,0.536231995,18,324,5832,4.181133297,YPR,FRN,YPR-FRN 1985,NA
1986,0,2,110,1,0,0,1,1,2.77E-05,4.81E-05,2.77E-05,4.81E-05,0.000556712,9.4625,0.001351802,7.829232693,0,0,0.362318993,20,400,8000,5.346133297,USA,GUY,USA-GUY 1986,NA
1986,0,800,365,1,0,0,0,0,-0.0003763,-0.0003039,0.0003763,0.0003039,0.025806336,9.4625,-0.000239074,8.388222694,0,0,0.821946025,23,529,12167,5.346133297,THI,RUS,THI-RUS 1986,NA
1986,0,365,438,1,0,0,0,0,-1.24E-05,1.41E-05,1.24E-05,1.41E-05,0.001754811,9.4625,-0.000585086,8.34877491,0,0,0.635610998,28,784,21952,5.346133297,RUS,GUI,RUS-GUI 1986,NA
1986,0,660,2,1,0,0,0,0,0,-8.74E-05,0,8.74E-05,0.002792045,9.4625,-0.003757119,8.668711662,0,0,0.151139006,40,1600,64000,5.346133297,LEB,USA,LEB-USA 1986,NA
1986,0,220,235,1,0,0,1,1,-0.00227,-0.006705,0.00227,0.006705,0.10010647,9.4625,-0.015336856,6.806829453,0,1,0.987577975,42,1764,74088,5.346133297,FRN,POR,FRN-POR 1986,NA
1986,0,790,200,1,0,0,0,0,-0.0008338,-0.0003882,0.0008338,0.0003882,0.028457975,9.4625,-0.004723966,8.425077438,0,0,0.788820028,66,4356,287496,5.346133297,NEP,UKG,NEP-UKG 1986,NA
1986,0,385,365,1,1,1,0,1,0.000132,-5.17E-05,0.000132,5.17E-05,0.00988263,9.4625,-0.000160754,6.929516792,1,0,0.635610998,2,4,8,5.346133297,NOR,RUS,NOR-RUS 1986,NA
1986,0,51,200,1,0,0,0,1,-0.0001243,0,0.0001243,0,0.007918069,9.4625,-0.000176609,8.452548027,0,1,0.440993994,24,576,13824,5.346133297,JAM,UKG,JAM-UKG 1986,NA
1986,0,490,500,1,1,0,1,0,0.00127,0.0122,0.00127,0.0122,0.300578654,9.4625,-0.244801804,7.119635582,1,0,0.950311005,8,64,512,5.346133297,DRC,UGA,DRC-UGA 1986,NA
1986,1,710,816,1,1,0,0,0,0.00339,0.00936,0.00339,0.00936,0.067791045,9.4625,0.022183448,7.277247906,1,0,0.958591998,0,0,0,5.346133297,CHN,DRV,CHN-DRV 1986,NA
1987,0,552,710,1,0,0,0,0,-0.0002754,-0.0008281,0.0002754,0.0008281,0.00720236,9.315,0.002262235,8.820256233,0,0,0.962732971,22,484,10648,4.98196663,ZIM,CHN,ZIM-CHN 1987,NA
1987,0,516,490,1,1,0,1,0,-0.0009633,-0.009365,0.0009633,0.009365,0.088560402,9.315,0.056408226,6.879355907,1,0,1,25,625,15625,4.98196663,BUI,DRC,BUI-DRC 1987,NA
1987,0,200,830,1,0,0,0,1,0.00164,0.00302,0.00164,0.00302,0.042296991,9.315,0.002997845,8.817593575,0,0,0.788820028,22,484,10648,4.98196663,UKG,SIN,UKG-SIN 1987,NA
1987,0,710,670,1,0,0,0,0,0.0033,0.00929,0.0033,0.00929,0.039218158,9.315,-0.013146788,8.31923008,0,0,0.751552999,60,3600,216000,4.98196663,CHN,SAU,CHN-SAU 1987,NA
1987,0,615,2,1,0,0,0,0,-0.0006101,-0.0008298,0.0006101,0.0008298,0.015024222,9.315,0.003284931,8.34877491,0,0,0.163561001,25,625,15625,4.98196663,ALG,USA,ALG-USA 1987,NA
1987,0,710,780,1,0,0,0,0,0.000147,0.000389,0.000147,0.000389,0.008074307,9.315,0.000523039,8.074648857,0,0,0.962732971,39,1521,59319,4.98196663,CHN,SRI,CHN-SRI 1987,NA
1988,0,771,710,1,0,0,0,0,-0.0009944,-0.001774,0.0009944,0.001774,0.042540275,9.12,0.002735019,7.540090084,0,0,0.954451025,17,289,4913,5.58696663,BNG,CHN,BNG-CHN 1988,NA
1988,0,225,365,1,0,0,0,1,0,-0.0001238,0,0.0001238,0.009860772,9.12,5.20E-05,7.261225224,0,0,0.821946025,175,30625,5359375,5.58696663,SWZ,RUS,SWZ-RUS 1988,NA
1988,0,590,200,1,0,0,0,1,0,-3.87E-06,0,3.87E-06,0.002785672,9.12,-7.99E-05,8.708309174,0,1,0.788820028,20,400,8000,5.58696663,MAS,UKG,MAS-UKG 1988,NA
1989,0,200,552,1,0,0,0,1,0.00082,0.00211,0.00082,0.00211,0.034570284,9.2625,0.020783879,8.547140121,0,0,0.788820028,22,484,10648,6.00196663,UKG,ZIM,UKG-ZIM 1989,NA
1989,0,501,530,1,1,0,1,0,0.00745,0.00594,0.00745,0.00594,0.36545971,9.2625,0.032271206,6.577861309,1,0,0.987577975,26,676,17576,6.00196663,KEN,ETH,KEN-ETH 1989,NA
1989,0,2,940,1,0,0,0,1,0,0,0,0,6.76E-05,9.2625,3.08E-07,9.035748482,0,1,0.374740988,11,121,1331,6.00196663,USA,SOL,USA-SOL 1989,NA
1989,0,694,220,1,0,0,0,0,-0.002053,0,0.002053,0,0.023773827,9.2625,-0.002024233,8.037220001,0,0,0.552794993,18,324,5832,6.00196663,QAT,FRN,QAT-FRN 1989,NA
1989,0,160,140,1,1,0,1,1,0.00509,0.00587,0.00509,0.00587,0.362497628,9.2625,0.007821083,7.287560463,1,1,1,5,25,125,6.00196663,ARG,BRA,ARG-BRA 1989,NA
1989,0,910,850,1,1,0,0,1,-0.0005248,0.000181,0.0005248,0.000181,0.016452812,9.2625,-0.003239691,7.92804575,1,0,0.975154996,0,0,0,6.00196663,PNG,INS,PNG-INS 1989,NA
1990,1,670,645,0,1,0,1,0,0,0.0118,0,0.0118,0.723535657,10.8775,-0.117733717,6.428105354,1,0,0.995959997,16,256,4096,6.813633297,SAU,IRQ,SAU-IRQ 1990,Gulf War
1990,1,200,645,0,0,1,0,1,0.0113,0.024499999,0.0113,0.024499999,0.23244223,10.8775,-0.030916601,7.841099739,0,0,0.507071018,1,1,1,6.813633297,UKG,IRQ,UKG-IRQ 1990,Gulf War
1990,0,760,710,1,1,0,0,0,-1.19E-05,-3.51E-05,1.19E-05,3.51E-05,0.000709152,10.8775,0.000128508,7.470223904,1,0,0.963635981,19,361,6859,6.813633297,BHU,CHN,BHU-CHN 1990,NA
1990,1,325,645,0,0,0,0,1,0.0137,0.0283,0.0137,0.0283,0.304076612,10.8775,-0.023041546,7.513709068,0,0,0.507071018,4,16,64,6.813633297,ITA,IRQ,ITA-IRQ 1990,Gulf War
1990,1,20,645,0,0,0,0,1,0.015799999,0.0274,0.015799999,0.0274,0.450540215,10.8775,-0.029453814,8.672143936,0,0,0.143434003,58,3364,195112,6.813633297,CAN,IRQ,CAN-IRQ 1990,Gulf War
1990,1,220,645,0,0,0,0,1,0.0151,0.0253,0.0151,0.0253,0.282589555,10.8775,-0.036774248,7.783640385,0,0,0.494949013,46,2116,97336,6.813633297,FRN,IRQ,FRN-IRQ 1990,Gulf War
1990,1,2,645,0,0,0,0,1,0.00235,0.0059,0.00235,0.0059,0.036239896,10.8775,-0.000296012,8.732143402,0,0,0.103030004,1,1,1,6.813633297,USA,IRQ,USA-IRQ 1990,Gulf War
1990,1,651,645,0,0,0,1,0,0.017100001,0.031099999,0.017100001,0.031099999,0.665558398,10.8775,-0.027459443,6.690842152,0,0,0.995959997,27,729,19683,6.813633297,EGY,IRQ,EGY-IRQ 1990,Gulf War
1990,1,645,690,1,1,1,1,0,0,-0.005263,0,0.005263,0.142624259,10.8775,NA,5.849324703,1,NA,0.995959997,4,16,64,6.813633297,IRQ,KUW,IRQ-KUW 1990,Gulf War
1990,1,652,645,0,1,0,1,0,0.00762,0.0156,0.00762,0.0156,0.608915091,10.8775,-0.059959114,6.146329403,1,0,1,2,4,8,6.813633297,SYR,IRQ,SYR-IRQ 1990,Gulf War
1990,0,200,694,1,0,0,0,1,0.00102,0,0.00102,0,0.018849475,10.8775,0.027145229,8.083945274,0,0,0.503030002,19,361,6859,6.813633297,UKG,QAT,UKG-QAT 1990,NA
1991,0,920,200,1,0,0,0,1,-0.001505,0,0.001505,0,0.032519944,9.9875,0.001390755,9.367600441,0,1,0.762712002,71,5041,357911,5.816133297,NEW,UKG,NEW-UKG 1991,NA
1991,0,220,713,1,0,0,0,1,0.0052,0,0.0052,0,0.336055338,9.9875,-0.015994757,8.727129936,0,0,0.751411974,42,1764,74088,5.816133297,FRN,TAW,FRN-TAW 1991,NA
1991,0,630,365,1,0,0,0,0,-0.0007599,-0.002098,0.0007599,0.002098,0.055471949,9.9875,0.005988538,7.335633755,1,0,0.74387902,3,9,27,5.816133297,IRN,RUS,IRN-RUS 1991,NA
1991,0,200,345,1,0,0,1,1,-0.005317,-0.005317,0.005317,0.005317,0.210924089,9.9875,3.17E-05,6.957497597,0,0,0.762712002,44,1936,85184,5.816133297,UKG,YUG,UKG-YUG 1991,NA
1992,0,60,365,1,0,0,0,1,-3.60E-07,0,3.60E-07,0,1.24E-05,9.1625,0,8.635864258,0,NA,0.609575987,9,81,729,5.97446663,SKN,RUS,SKN-RUS 1992,NA
1992,0,345,200,1,0,0,0,0,0,0.00652,0,0.00652,0.212934852,9.1625,-0.018956721,6.957497597,0,0,0.812155008,45,2025,91125,5.97446663,YUG,UKG,YUG-UKG 1992,NA
1992,0,200,349,1,0,0,0,1,NA,NA,NA,NA,0.020684306,9.1625,NA,6.637258053,0,1,0.801105022,0,0,0,5.97446663,UKG,SLV,UKG-SLV 1992,NA
1992,0,712,365,1,1,0,1,0,0,0,0,0,0.002511153,9.1625,0.003867149,7.96658659,1,1,0.974216998,71,5041,357911,5.97446663,MON,RUS,MON-RUS 1992,NA